2025-08-06 14:59:59 [main] INFO  c.e.AccessSpringBootApplication - Starting AccessSpringBootApplication on DESKTOP-K0VJFS9 with PID 26688 (E:\private\access_simple_master\target\classes started by Administrator in E:\private\access_simple_master)
2025-08-06 14:59:59 [main] INFO  c.e.AccessSpringBootApplication - The following profiles are active: prod
2025-08-06 15:00:00 [main] INFO  o.s.d.r.c.RepositoryConfigurationDelegate - Multiple Spring Data modules found, entering strict repository configuration mode!
2025-08-06 15:00:00 [main] INFO  o.s.d.r.c.RepositoryConfigurationDelegate - Bootstrapping Spring Data repositories in DEFAULT mode.
2025-08-06 15:00:00 [main] INFO  o.s.d.r.c.RepositoryConfigurationDelegate - Finished Spring Data repository scanning in 9ms. Found 0 repository interfaces.
2025-08-06 15:00:00 [main] INFO  o.s.i.c.DefaultConfiguringBeanFactoryPostProcessor - No bean named 'errorChannel' has been explicitly defined. Therefore, a default PublishSubscribeChannel will be created.
2025-08-06 15:00:00 [main] INFO  o.s.i.c.DefaultConfiguringBeanFactoryPostProcessor - No bean named 'integrationHeaderChannelRegistry' has been explicitly defined. Therefore, a default DefaultHeaderChannelRegistry will be created.
2025-08-06 15:00:00 [main] INFO  o.s.c.s.PostProcessorRegistrationDelegate$BeanPostProcessorChecker - Bean 'org.springframework.transaction.annotation.ProxyTransactionManagementConfiguration' of type [org.springframework.transaction.annotation.ProxyTransactionManagementConfiguration$$EnhancerBySpringCGLIB$$5297f374] is not eligible for getting processed by all BeanPostProcessors (for example: not eligible for auto-proxying)
2025-08-06 15:00:00 [main] INFO  o.s.c.s.PostProcessorRegistrationDelegate$BeanPostProcessorChecker - Bean 'org.springframework.integration.config.IntegrationManagementConfiguration' of type [org.springframework.integration.config.IntegrationManagementConfiguration$$EnhancerBySpringCGLIB$$bd89aea3] is not eligible for getting processed by all BeanPostProcessors (for example: not eligible for auto-proxying)
2025-08-06 15:00:00 [main] INFO  o.s.c.s.PostProcessorRegistrationDelegate$BeanPostProcessorChecker - Bean 'integrationDisposableAutoCreatedBeans' of type [org.springframework.integration.config.annotation.Disposables] is not eligible for getting processed by all BeanPostProcessors (for example: not eligible for auto-proxying)
2025-08-06 15:00:01 [main] INFO  o.s.b.w.e.tomcat.TomcatWebServer - Tomcat initialized with port(s): 8888 (http)
2025-08-06 15:00:01 [main] INFO  o.a.coyote.http11.Http11NioProtocol - Initializing ProtocolHandler ["http-nio-8888"]
2025-08-06 15:00:01 [main] INFO  o.a.catalina.core.StandardService - Starting service [Tomcat]
2025-08-06 15:00:01 [main] INFO  o.a.catalina.core.StandardEngine - Starting Servlet engine: [Apache Tomcat/9.0.17]
2025-08-06 15:00:01 [main] INFO  o.a.c.c.C.[Tomcat].[localhost].[/] - Initializing Spring embedded WebApplicationContext
2025-08-06 15:00:01 [main] INFO  o.s.web.context.ContextLoader - Root WebApplicationContext: initialization completed in 1202 ms
2025-08-06 15:00:01 [main] INFO  o.s.s.c.ThreadPoolTaskExecutor - Initializing ExecutorService 'applicationTaskExecutor'
2025-08-06 15:00:02 [main] INFO  o.s.s.c.ThreadPoolTaskScheduler - Initializing ExecutorService 'taskScheduler'
2025-08-06 15:00:02 [main] INFO  o.s.i.endpoint.EventDrivenConsumer - Adding {logging-channel-adapter:_org.springframework.integration.errorLogger} as a subscriber to the 'errorChannel' channel
2025-08-06 15:00:02 [main] INFO  o.s.i.c.PublishSubscribeChannel - Channel 'application.errorChannel' has 1 subscriber(s).
2025-08-06 15:00:02 [main] INFO  o.s.i.endpoint.EventDrivenConsumer - started _org.springframework.integration.errorLogger
2025-08-06 15:00:02 [main] INFO  o.a.coyote.http11.Http11NioProtocol - Starting ProtocolHandler ["http-nio-8888"]
2025-08-06 15:00:02 [main] INFO  o.s.b.w.e.tomcat.TomcatWebServer - Tomcat started on port(s): 8888 (http) with context path ''
2025-08-06 15:00:02 [main] INFO  c.e.AccessSpringBootApplication - Started AccessSpringBootApplication in 2.486 seconds (JVM running for 3.009)
2025-08-06 15:00:35 [http-nio-8888-exec-1] INFO  o.a.c.c.C.[Tomcat].[localhost].[/] - Initializing Spring DispatcherServlet 'dispatcherServlet'
2025-08-06 15:00:35 [http-nio-8888-exec-1] INFO  o.s.web.servlet.DispatcherServlet - Initializing Servlet 'dispatcherServlet'
2025-08-06 15:00:35 [http-nio-8888-exec-1] INFO  o.s.web.servlet.DispatcherServlet - Completed initialization in 4 ms
2025-08-06 15:00:35 [http-nio-8888-exec-1] ERROR com.example.mqtt.MQTTServer - 发送消息失败
java.lang.IllegalArgumentException: Null clientId
	at org.eclipse.paho.client.mqttv3.MqttAsyncClient.<init>(MqttAsyncClient.java:450)
	at org.eclipse.paho.client.mqttv3.MqttAsyncClient.<init>(MqttAsyncClient.java:328)
	at org.eclipse.paho.client.mqttv3.MqttAsyncClient.<init>(MqttAsyncClient.java:323)
	at org.eclipse.paho.client.mqttv3.MqttClient.<init>(MqttClient.java:229)
	at com.example.mqtt.MQTTServer.publishConnect(MQTTServer.java:26)
	at com.example.mqtt.MQTTServer.sendMQTTMessage(MQTTServer.java:45)
	at com.example.mqtt.MQTTController.test(MQTTController.java:30)
	at sun.reflect.NativeMethodAccessorImpl.invoke0(Native Method)
	at sun.reflect.NativeMethodAccessorImpl.invoke(NativeMethodAccessorImpl.java:62)
	at sun.reflect.DelegatingMethodAccessorImpl.invoke(DelegatingMethodAccessorImpl.java:43)
	at java.lang.reflect.Method.invoke(Method.java:498)
	at org.springframework.web.method.support.InvocableHandlerMethod.doInvoke(InvocableHandlerMethod.java:189)
	at org.springframework.web.method.support.InvocableHandlerMethod.invokeForRequest(InvocableHandlerMethod.java:138)
	at org.springframework.web.servlet.mvc.method.annotation.ServletInvocableHandlerMethod.invokeAndHandle(ServletInvocableHandlerMethod.java:102)
	at org.springframework.web.servlet.mvc.method.annotation.RequestMappingHandlerAdapter.invokeHandlerMethod(RequestMappingHandlerAdapter.java:892)
	at org.springframework.web.servlet.mvc.method.annotation.RequestMappingHandlerAdapter.handleInternal(RequestMappingHandlerAdapter.java:797)
	at org.springframework.web.servlet.mvc.method.AbstractHandlerMethodAdapter.handle(AbstractHandlerMethodAdapter.java:87)
	at org.springframework.web.servlet.DispatcherServlet.doDispatch(DispatcherServlet.java:1038)
	at org.springframework.web.servlet.DispatcherServlet.doService(DispatcherServlet.java:942)
	at org.springframework.web.servlet.FrameworkServlet.processRequest(FrameworkServlet.java:1005)
	at org.springframework.web.servlet.FrameworkServlet.doGet(FrameworkServlet.java:897)
	at javax.servlet.http.HttpServlet.service(HttpServlet.java:634)
	at org.springframework.web.servlet.FrameworkServlet.service(FrameworkServlet.java:882)
	at javax.servlet.http.HttpServlet.service(HttpServlet.java:741)
	at org.apache.catalina.core.ApplicationFilterChain.internalDoFilter(ApplicationFilterChain.java:231)
	at org.apache.catalina.core.ApplicationFilterChain.doFilter(ApplicationFilterChain.java:166)
	at org.apache.tomcat.websocket.server.WsFilter.doFilter(WsFilter.java:53)
	at org.apache.catalina.core.ApplicationFilterChain.internalDoFilter(ApplicationFilterChain.java:193)
	at org.apache.catalina.core.ApplicationFilterChain.doFilter(ApplicationFilterChain.java:166)
	at org.springframework.web.filter.RequestContextFilter.doFilterInternal(RequestContextFilter.java:99)
	at org.springframework.web.filter.OncePerRequestFilter.doFilter(OncePerRequestFilter.java:107)
	at org.apache.catalina.core.ApplicationFilterChain.internalDoFilter(ApplicationFilterChain.java:193)
	at org.apache.catalina.core.ApplicationFilterChain.doFilter(ApplicationFilterChain.java:166)
	at org.springframework.web.filter.FormContentFilter.doFilterInternal(FormContentFilter.java:92)
	at org.springframework.web.filter.OncePerRequestFilter.doFilter(OncePerRequestFilter.java:107)
	at org.apache.catalina.core.ApplicationFilterChain.internalDoFilter(ApplicationFilterChain.java:193)
	at org.apache.catalina.core.ApplicationFilterChain.doFilter(ApplicationFilterChain.java:166)
	at org.springframework.web.filter.HiddenHttpMethodFilter.doFilterInternal(HiddenHttpMethodFilter.java:93)
	at org.springframework.web.filter.OncePerRequestFilter.doFilter(OncePerRequestFilter.java:107)
	at org.apache.catalina.core.ApplicationFilterChain.internalDoFilter(ApplicationFilterChain.java:193)
	at org.apache.catalina.core.ApplicationFilterChain.doFilter(ApplicationFilterChain.java:166)
	at org.springframework.web.filter.CharacterEncodingFilter.doFilterInternal(CharacterEncodingFilter.java:200)
	at org.springframework.web.filter.OncePerRequestFilter.doFilter(OncePerRequestFilter.java:107)
	at org.apache.catalina.core.ApplicationFilterChain.internalDoFilter(ApplicationFilterChain.java:193)
	at org.apache.catalina.core.ApplicationFilterChain.doFilter(ApplicationFilterChain.java:166)
	at org.apache.catalina.core.StandardWrapperValve.invoke(StandardWrapperValve.java:200)
	at org.apache.catalina.core.StandardContextValve.invoke(StandardContextValve.java:96)
	at org.apache.catalina.authenticator.AuthenticatorBase.invoke(AuthenticatorBase.java:490)
	at org.apache.catalina.core.StandardHostValve.invoke(StandardHostValve.java:139)
	at org.apache.catalina.valves.ErrorReportValve.invoke(ErrorReportValve.java:92)
	at org.apache.catalina.core.StandardEngineValve.invoke(StandardEngineValve.java:74)
	at org.apache.catalina.connector.CoyoteAdapter.service(CoyoteAdapter.java:343)
	at org.apache.coyote.http11.Http11Processor.service(Http11Processor.java:408)
	at org.apache.coyote.AbstractProcessorLight.process(AbstractProcessorLight.java:66)
	at org.apache.coyote.AbstractProtocol$ConnectionHandler.process(AbstractProtocol.java:834)
	at org.apache.tomcat.util.net.NioEndpoint$SocketProcessor.doRun(NioEndpoint.java:1415)
	at org.apache.tomcat.util.net.SocketProcessorBase.run(SocketProcessorBase.java:49)
	at java.util.concurrent.ThreadPoolExecutor.runWorker(ThreadPoolExecutor.java:1149)
	at java.util.concurrent.ThreadPoolExecutor$Worker.run(ThreadPoolExecutor.java:624)
	at org.apache.tomcat.util.threads.TaskThread$WrappingRunnable.run(TaskThread.java:61)
	at java.lang.Thread.run(Thread.java:748)
2025-08-06 15:00:51 [Thread-5] INFO  o.s.i.endpoint.EventDrivenConsumer - Removing {logging-channel-adapter:_org.springframework.integration.errorLogger} as a subscriber to the 'errorChannel' channel
2025-08-06 15:00:51 [Thread-5] INFO  o.s.i.c.PublishSubscribeChannel - Channel 'application.errorChannel' has 0 subscriber(s).
2025-08-06 15:00:51 [Thread-5] INFO  o.s.i.endpoint.EventDrivenConsumer - stopped _org.springframework.integration.errorLogger
2025-08-06 15:00:51 [Thread-5] INFO  o.s.s.c.ThreadPoolTaskScheduler - Shutting down ExecutorService 'taskScheduler'
2025-08-06 15:00:51 [Thread-5] INFO  o.s.s.c.ThreadPoolTaskExecutor - Shutting down ExecutorService 'applicationTaskExecutor'
2025-08-06 15:00:54 [main] INFO  c.e.AccessSpringBootApplication - Starting AccessSpringBootApplication on DESKTOP-K0VJFS9 with PID 22860 (E:\private\access_simple_master\target\classes started by Administrator in E:\private\access_simple_master)
2025-08-06 15:00:54 [main] INFO  c.e.AccessSpringBootApplication - The following profiles are active: prod
2025-08-06 15:00:54 [main] INFO  o.s.d.r.c.RepositoryConfigurationDelegate - Multiple Spring Data modules found, entering strict repository configuration mode!
2025-08-06 15:00:54 [main] INFO  o.s.d.r.c.RepositoryConfigurationDelegate - Bootstrapping Spring Data repositories in DEFAULT mode.
2025-08-06 15:00:54 [main] INFO  o.s.d.r.c.RepositoryConfigurationDelegate - Finished Spring Data repository scanning in 11ms. Found 0 repository interfaces.
2025-08-06 15:00:54 [main] INFO  o.s.i.c.DefaultConfiguringBeanFactoryPostProcessor - No bean named 'errorChannel' has been explicitly defined. Therefore, a default PublishSubscribeChannel will be created.
2025-08-06 15:00:54 [main] INFO  o.s.i.c.DefaultConfiguringBeanFactoryPostProcessor - No bean named 'integrationHeaderChannelRegistry' has been explicitly defined. Therefore, a default DefaultHeaderChannelRegistry will be created.
2025-08-06 15:00:54 [main] INFO  o.s.c.s.PostProcessorRegistrationDelegate$BeanPostProcessorChecker - Bean 'org.springframework.transaction.annotation.ProxyTransactionManagementConfiguration' of type [org.springframework.transaction.annotation.ProxyTransactionManagementConfiguration$$EnhancerBySpringCGLIB$$6e3cad4e] is not eligible for getting processed by all BeanPostProcessors (for example: not eligible for auto-proxying)
2025-08-06 15:00:54 [main] INFO  o.s.c.s.PostProcessorRegistrationDelegate$BeanPostProcessorChecker - Bean 'org.springframework.integration.config.IntegrationManagementConfiguration' of type [org.springframework.integration.config.IntegrationManagementConfiguration$$EnhancerBySpringCGLIB$$d92e687d] is not eligible for getting processed by all BeanPostProcessors (for example: not eligible for auto-proxying)
2025-08-06 15:00:54 [main] INFO  o.s.c.s.PostProcessorRegistrationDelegate$BeanPostProcessorChecker - Bean 'integrationDisposableAutoCreatedBeans' of type [org.springframework.integration.config.annotation.Disposables] is not eligible for getting processed by all BeanPostProcessors (for example: not eligible for auto-proxying)
2025-08-06 15:00:55 [main] INFO  o.s.b.w.e.tomcat.TomcatWebServer - Tomcat initialized with port(s): 8888 (http)
2025-08-06 15:00:55 [main] INFO  o.a.coyote.http11.Http11NioProtocol - Initializing ProtocolHandler ["http-nio-8888"]
2025-08-06 15:00:55 [main] INFO  o.a.catalina.core.StandardService - Starting service [Tomcat]
2025-08-06 15:00:55 [main] INFO  o.a.catalina.core.StandardEngine - Starting Servlet engine: [Apache Tomcat/9.0.17]
2025-08-06 15:00:55 [main] INFO  o.a.c.c.C.[Tomcat].[localhost].[/] - Initializing Spring embedded WebApplicationContext
2025-08-06 15:00:55 [main] INFO  o.s.web.context.ContextLoader - Root WebApplicationContext: initialization completed in 1049 ms
2025-08-06 15:00:55 [main] INFO  o.s.s.c.ThreadPoolTaskExecutor - Initializing ExecutorService 'applicationTaskExecutor'
2025-08-06 15:00:56 [main] INFO  o.s.s.c.ThreadPoolTaskScheduler - Initializing ExecutorService 'taskScheduler'
2025-08-06 15:00:56 [main] INFO  o.s.i.endpoint.EventDrivenConsumer - Adding {logging-channel-adapter:_org.springframework.integration.errorLogger} as a subscriber to the 'errorChannel' channel
2025-08-06 15:00:56 [main] INFO  o.s.i.c.PublishSubscribeChannel - Channel 'application.errorChannel' has 1 subscriber(s).
2025-08-06 15:00:56 [main] INFO  o.s.i.endpoint.EventDrivenConsumer - started _org.springframework.integration.errorLogger
2025-08-06 15:00:56 [main] INFO  o.a.coyote.http11.Http11NioProtocol - Starting ProtocolHandler ["http-nio-8888"]
2025-08-06 15:00:56 [main] INFO  o.s.b.w.e.tomcat.TomcatWebServer - Tomcat started on port(s): 8888 (http) with context path ''
2025-08-06 15:00:56 [main] INFO  c.e.AccessSpringBootApplication - Started AccessSpringBootApplication in 2.489 seconds (JVM running for 3.053)
2025-08-06 15:01:09 [http-nio-8888-exec-1] INFO  o.a.c.c.C.[Tomcat].[localhost].[/] - Initializing Spring DispatcherServlet 'dispatcherServlet'
2025-08-06 15:01:09 [http-nio-8888-exec-1] INFO  o.s.web.servlet.DispatcherServlet - Initializing Servlet 'dispatcherServlet'
2025-08-06 15:01:09 [http-nio-8888-exec-1] INFO  o.s.web.servlet.DispatcherServlet - Completed initialization in 5 ms
2025-08-06 15:01:20 [http-nio-8888-exec-1] ERROR com.example.mqtt.MQTTServer - 发送消息失败
java.lang.IllegalArgumentException: Null clientId
	at org.eclipse.paho.client.mqttv3.MqttAsyncClient.<init>(MqttAsyncClient.java:450)
	at org.eclipse.paho.client.mqttv3.MqttAsyncClient.<init>(MqttAsyncClient.java:328)
	at org.eclipse.paho.client.mqttv3.MqttAsyncClient.<init>(MqttAsyncClient.java:323)
	at org.eclipse.paho.client.mqttv3.MqttClient.<init>(MqttClient.java:229)
	at com.example.mqtt.MQTTServer.publishConnect(MQTTServer.java:26)
	at com.example.mqtt.MQTTServer.sendMQTTMessage(MQTTServer.java:45)
	at com.example.mqtt.MQTTController.test(MQTTController.java:30)
	at sun.reflect.NativeMethodAccessorImpl.invoke0(Native Method)
	at sun.reflect.NativeMethodAccessorImpl.invoke(NativeMethodAccessorImpl.java:62)
	at sun.reflect.DelegatingMethodAccessorImpl.invoke(DelegatingMethodAccessorImpl.java:43)
	at java.lang.reflect.Method.invoke(Method.java:498)
	at org.springframework.web.method.support.InvocableHandlerMethod.doInvoke(InvocableHandlerMethod.java:189)
	at org.springframework.web.method.support.InvocableHandlerMethod.invokeForRequest(InvocableHandlerMethod.java:138)
	at org.springframework.web.servlet.mvc.method.annotation.ServletInvocableHandlerMethod.invokeAndHandle(ServletInvocableHandlerMethod.java:102)
	at org.springframework.web.servlet.mvc.method.annotation.RequestMappingHandlerAdapter.invokeHandlerMethod(RequestMappingHandlerAdapter.java:892)
	at org.springframework.web.servlet.mvc.method.annotation.RequestMappingHandlerAdapter.handleInternal(RequestMappingHandlerAdapter.java:797)
	at org.springframework.web.servlet.mvc.method.AbstractHandlerMethodAdapter.handle(AbstractHandlerMethodAdapter.java:87)
	at org.springframework.web.servlet.DispatcherServlet.doDispatch(DispatcherServlet.java:1038)
	at org.springframework.web.servlet.DispatcherServlet.doService(DispatcherServlet.java:942)
	at org.springframework.web.servlet.FrameworkServlet.processRequest(FrameworkServlet.java:1005)
	at org.springframework.web.servlet.FrameworkServlet.doGet(FrameworkServlet.java:897)
	at javax.servlet.http.HttpServlet.service(HttpServlet.java:634)
	at org.springframework.web.servlet.FrameworkServlet.service(FrameworkServlet.java:882)
	at javax.servlet.http.HttpServlet.service(HttpServlet.java:741)
	at org.apache.catalina.core.ApplicationFilterChain.internalDoFilter(ApplicationFilterChain.java:231)
	at org.apache.catalina.core.ApplicationFilterChain.doFilter(ApplicationFilterChain.java:166)
	at org.apache.tomcat.websocket.server.WsFilter.doFilter(WsFilter.java:53)
	at org.apache.catalina.core.ApplicationFilterChain.internalDoFilter(ApplicationFilterChain.java:193)
	at org.apache.catalina.core.ApplicationFilterChain.doFilter(ApplicationFilterChain.java:166)
	at org.springframework.web.filter.RequestContextFilter.doFilterInternal(RequestContextFilter.java:99)
	at org.springframework.web.filter.OncePerRequestFilter.doFilter(OncePerRequestFilter.java:107)
	at org.apache.catalina.core.ApplicationFilterChain.internalDoFilter(ApplicationFilterChain.java:193)
	at org.apache.catalina.core.ApplicationFilterChain.doFilter(ApplicationFilterChain.java:166)
	at org.springframework.web.filter.FormContentFilter.doFilterInternal(FormContentFilter.java:92)
	at org.springframework.web.filter.OncePerRequestFilter.doFilter(OncePerRequestFilter.java:107)
	at org.apache.catalina.core.ApplicationFilterChain.internalDoFilter(ApplicationFilterChain.java:193)
	at org.apache.catalina.core.ApplicationFilterChain.doFilter(ApplicationFilterChain.java:166)
	at org.springframework.web.filter.HiddenHttpMethodFilter.doFilterInternal(HiddenHttpMethodFilter.java:93)
	at org.springframework.web.filter.OncePerRequestFilter.doFilter(OncePerRequestFilter.java:107)
	at org.apache.catalina.core.ApplicationFilterChain.internalDoFilter(ApplicationFilterChain.java:193)
	at org.apache.catalina.core.ApplicationFilterChain.doFilter(ApplicationFilterChain.java:166)
	at org.springframework.web.filter.CharacterEncodingFilter.doFilterInternal(CharacterEncodingFilter.java:200)
	at org.springframework.web.filter.OncePerRequestFilter.doFilter(OncePerRequestFilter.java:107)
	at org.apache.catalina.core.ApplicationFilterChain.internalDoFilter(ApplicationFilterChain.java:193)
	at org.apache.catalina.core.ApplicationFilterChain.doFilter(ApplicationFilterChain.java:166)
	at org.apache.catalina.core.StandardWrapperValve.invoke(StandardWrapperValve.java:200)
	at org.apache.catalina.core.StandardContextValve.invoke(StandardContextValve.java:96)
	at org.apache.catalina.authenticator.AuthenticatorBase.invoke(AuthenticatorBase.java:490)
	at org.apache.catalina.core.StandardHostValve.invoke(StandardHostValve.java:139)
	at org.apache.catalina.valves.ErrorReportValve.invoke(ErrorReportValve.java:92)
	at org.apache.catalina.core.StandardEngineValve.invoke(StandardEngineValve.java:74)
	at org.apache.catalina.connector.CoyoteAdapter.service(CoyoteAdapter.java:343)
	at org.apache.coyote.http11.Http11Processor.service(Http11Processor.java:408)
	at org.apache.coyote.AbstractProcessorLight.process(AbstractProcessorLight.java:66)
	at org.apache.coyote.AbstractProtocol$ConnectionHandler.process(AbstractProtocol.java:834)
	at org.apache.tomcat.util.net.NioEndpoint$SocketProcessor.doRun(NioEndpoint.java:1415)
	at org.apache.tomcat.util.net.SocketProcessorBase.run(SocketProcessorBase.java:49)
	at java.util.concurrent.ThreadPoolExecutor.runWorker(ThreadPoolExecutor.java:1149)
	at java.util.concurrent.ThreadPoolExecutor$Worker.run(ThreadPoolExecutor.java:624)
	at org.apache.tomcat.util.threads.TaskThread$WrappingRunnable.run(TaskThread.java:61)
	at java.lang.Thread.run(Thread.java:748)
2025-08-06 15:05:00 [task-1] INFO  io.lettuce.core.EpollProvider - Starting without optional epoll library
2025-08-06 15:05:00 [task-1] INFO  io.lettuce.core.KqueueProvider - Starting without optional kqueue library
2025-08-06 15:05:02 [task-1] ERROR o.s.a.i.SimpleAsyncUncaughtExceptionHandler - Unexpected exception occurred invoking async method: public void com.example.task.ScaleRedisTask.push()
org.springframework.data.redis.RedisConnectionFailureException: Unable to connect to Redis; nested exception is io.lettuce.core.RedisConnectionException: Unable to connect to 127.0.0.1:6379
	at org.springframework.data.redis.connection.lettuce.LettuceConnectionFactory$SharedConnection.getNativeConnection(LettuceConnectionFactory.java:1111)
	at org.springframework.data.redis.connection.lettuce.LettuceConnectionFactory$SharedConnection.getConnection(LettuceConnectionFactory.java:1084)
	at org.springframework.data.redis.connection.lettuce.LettuceConnectionFactory.getSharedConnection(LettuceConnectionFactory.java:866)
	at org.springframework.data.redis.connection.lettuce.LettuceConnectionFactory.getConnection(LettuceConnectionFactory.java:341)
	at org.springframework.data.redis.core.RedisConnectionUtils.doGetConnection(RedisConnectionUtils.java:132)
	at org.springframework.data.redis.core.RedisConnectionUtils.getConnection(RedisConnectionUtils.java:95)
	at org.springframework.data.redis.core.RedisConnectionUtils.getConnection(RedisConnectionUtils.java:82)
	at org.springframework.data.redis.core.RedisTemplate.execute(RedisTemplate.java:211)
	at org.springframework.data.redis.core.RedisTemplate.execute(RedisTemplate.java:184)
	at org.springframework.data.redis.core.RedisTemplate.hasKey(RedisTemplate.java:769)
	at com.example.task.ScaleRedisTask.queryLastFiveIdList(ScaleRedisTask.java:184)
	at com.example.task.ScaleRedisTask.push(ScaleRedisTask.java:71)
	at com.example.task.ScaleRedisTask$$FastClassBySpringCGLIB$$afb5cdae.invoke(<generated>)
	at org.springframework.cglib.proxy.MethodProxy.invoke(MethodProxy.java:218)
	at org.springframework.aop.framework.CglibAopProxy$CglibMethodInvocation.invokeJoinpoint(CglibAopProxy.java:749)
	at org.springframework.aop.framework.ReflectiveMethodInvocation.proceed(ReflectiveMethodInvocation.java:163)
	at org.springframework.aop.interceptor.AsyncExecutionInterceptor.lambda$invoke$0(AsyncExecutionInterceptor.java:115)
	at java.util.concurrent.FutureTask.run$$$capture(FutureTask.java:266)
	at java.util.concurrent.FutureTask.run(FutureTask.java)
	at java.util.concurrent.ThreadPoolExecutor.runWorker(ThreadPoolExecutor.java:1149)
	at java.util.concurrent.ThreadPoolExecutor$Worker.run(ThreadPoolExecutor.java:624)
	at java.lang.Thread.run(Thread.java:748)
Caused by: io.lettuce.core.RedisConnectionException: Unable to connect to 127.0.0.1:6379
	at io.lettuce.core.RedisConnectionException.create(RedisConnectionException.java:78)
	at io.lettuce.core.RedisConnectionException.create(RedisConnectionException.java:56)
	at io.lettuce.core.AbstractRedisClient.getConnection(AbstractRedisClient.java:235)
	at io.lettuce.core.RedisClient.connect(RedisClient.java:204)
	at org.springframework.data.redis.connection.lettuce.StandaloneConnectionProvider.lambda$getConnection$1(StandaloneConnectionProvider.java:113)
	at java.util.Optional.orElseGet(Optional.java:267)
	at org.springframework.data.redis.connection.lettuce.StandaloneConnectionProvider.getConnection(StandaloneConnectionProvider.java:113)
	at org.springframework.data.redis.connection.lettuce.LettuceConnectionFactory$SharedConnection.getNativeConnection(LettuceConnectionFactory.java:1104)
	... 21 common frames omitted
Caused by: io.netty.channel.AbstractChannel$AnnotatedConnectException: Connection refused: no further information: /127.0.0.1:6379
	at sun.nio.ch.SocketChannelImpl.checkConnect(Native Method)
	at sun.nio.ch.SocketChannelImpl.finishConnect(SocketChannelImpl.java:717)
	at io.netty.channel.socket.nio.NioSocketChannel.doFinishConnect(NioSocketChannel.java:327)
	at io.netty.channel.nio.AbstractNioChannel$AbstractNioUnsafe.finishConnect(AbstractNioChannel.java:340)
	at io.netty.channel.nio.NioEventLoop.processSelectedKey(NioEventLoop.java:665)
	at io.netty.channel.nio.NioEventLoop.processSelectedKeysOptimized(NioEventLoop.java:612)
	at io.netty.channel.nio.NioEventLoop.processSelectedKeys(NioEventLoop.java:529)
	at io.netty.channel.nio.NioEventLoop.run(NioEventLoop.java:491)
	at io.netty.util.concurrent.SingleThreadEventExecutor$5.run(SingleThreadEventExecutor.java:905)
	at io.netty.util.concurrent.FastThreadLocalRunnable.run(FastThreadLocalRunnable.java:30)
	... 1 common frames omitted
Caused by: java.net.ConnectException: Connection refused: no further information
	... 11 common frames omitted
2025-08-06 15:05:02 [Thread-7] INFO  o.s.i.endpoint.EventDrivenConsumer - Removing {logging-channel-adapter:_org.springframework.integration.errorLogger} as a subscriber to the 'errorChannel' channel
2025-08-06 15:05:02 [Thread-7] INFO  o.s.i.c.PublishSubscribeChannel - Channel 'application.errorChannel' has 0 subscriber(s).
2025-08-06 15:05:02 [Thread-7] INFO  o.s.i.endpoint.EventDrivenConsumer - stopped _org.springframework.integration.errorLogger
2025-08-06 15:05:02 [Thread-7] INFO  o.s.s.c.ThreadPoolTaskScheduler - Shutting down ExecutorService 'taskScheduler'
2025-08-06 15:05:02 [Thread-7] INFO  o.s.s.c.ThreadPoolTaskExecutor - Shutting down ExecutorService 'applicationTaskExecutor'
2025-08-06 15:05:07 [main] INFO  c.e.AccessSpringBootApplication - Starting AccessSpringBootApplication on DESKTOP-K0VJFS9 with PID 27476 (E:\private\access_simple_master\target\classes started by Administrator in E:\private\access_simple_master)
2025-08-06 15:05:07 [main] INFO  c.e.AccessSpringBootApplication - The following profiles are active: prod
2025-08-06 15:05:08 [main] INFO  o.s.d.r.c.RepositoryConfigurationDelegate - Multiple Spring Data modules found, entering strict repository configuration mode!
2025-08-06 15:05:08 [main] INFO  o.s.d.r.c.RepositoryConfigurationDelegate - Bootstrapping Spring Data repositories in DEFAULT mode.
2025-08-06 15:05:08 [main] INFO  o.s.d.r.c.RepositoryConfigurationDelegate - Finished Spring Data repository scanning in 10ms. Found 0 repository interfaces.
2025-08-06 15:05:08 [main] INFO  o.s.i.c.DefaultConfiguringBeanFactoryPostProcessor - No bean named 'errorChannel' has been explicitly defined. Therefore, a default PublishSubscribeChannel will be created.
2025-08-06 15:05:08 [main] INFO  o.s.i.c.DefaultConfiguringBeanFactoryPostProcessor - No bean named 'integrationHeaderChannelRegistry' has been explicitly defined. Therefore, a default DefaultHeaderChannelRegistry will be created.
2025-08-06 15:05:08 [main] INFO  o.s.c.s.PostProcessorRegistrationDelegate$BeanPostProcessorChecker - Bean 'org.springframework.transaction.annotation.ProxyTransactionManagementConfiguration' of type [org.springframework.transaction.annotation.ProxyTransactionManagementConfiguration$$EnhancerBySpringCGLIB$$ef0ccf63] is not eligible for getting processed by all BeanPostProcessors (for example: not eligible for auto-proxying)
2025-08-06 15:05:08 [main] INFO  o.s.c.s.PostProcessorRegistrationDelegate$BeanPostProcessorChecker - Bean 'org.springframework.integration.config.IntegrationManagementConfiguration' of type [org.springframework.integration.config.IntegrationManagementConfiguration$$EnhancerBySpringCGLIB$$59fe8a92] is not eligible for getting processed by all BeanPostProcessors (for example: not eligible for auto-proxying)
2025-08-06 15:05:08 [main] INFO  o.s.c.s.PostProcessorRegistrationDelegate$BeanPostProcessorChecker - Bean 'integrationDisposableAutoCreatedBeans' of type [org.springframework.integration.config.annotation.Disposables] is not eligible for getting processed by all BeanPostProcessors (for example: not eligible for auto-proxying)
2025-08-06 15:05:08 [main] INFO  o.s.b.w.e.tomcat.TomcatWebServer - Tomcat initialized with port(s): 8888 (http)
2025-08-06 15:05:08 [main] INFO  o.a.coyote.http11.Http11NioProtocol - Initializing ProtocolHandler ["http-nio-8888"]
2025-08-06 15:05:08 [main] INFO  o.a.catalina.core.StandardService - Starting service [Tomcat]
2025-08-06 15:05:08 [main] INFO  o.a.catalina.core.StandardEngine - Starting Servlet engine: [Apache Tomcat/9.0.17]
2025-08-06 15:05:09 [main] INFO  o.a.c.c.C.[Tomcat].[localhost].[/] - Initializing Spring embedded WebApplicationContext
2025-08-06 15:05:09 [main] INFO  o.s.web.context.ContextLoader - Root WebApplicationContext: initialization completed in 1137 ms
2025-08-06 15:05:09 [main] WARN  o.s.b.w.s.c.AnnotationConfigServletWebServerApplicationContext - Exception encountered during context initialization - cancelling refresh attempt: org.springframework.beans.factory.BeanCreationException: Error creating bean with name 'MQTTConfig': Injection of autowired dependencies failed; nested exception is java.lang.IllegalArgumentException: Could not resolve placeholder 'publish.mqtt.username' in value "${publish.mqtt.username}"
2025-08-06 15:05:09 [main] INFO  o.a.catalina.core.StandardService - Stopping service [Tomcat]
2025-08-06 15:05:09 [main] INFO  o.s.b.a.l.ConditionEvaluationReportLoggingListener - 

Error starting ApplicationContext. To display the conditions report re-run your application with 'debug' enabled.
2025-08-06 15:05:09 [main] ERROR o.s.boot.SpringApplication - Application run failed
org.springframework.beans.factory.BeanCreationException: Error creating bean with name 'MQTTConfig': Injection of autowired dependencies failed; nested exception is java.lang.IllegalArgumentException: Could not resolve placeholder 'publish.mqtt.username' in value "${publish.mqtt.username}"
	at org.springframework.beans.factory.annotation.AutowiredAnnotationBeanPostProcessor.postProcessProperties(AutowiredAnnotationBeanPostProcessor.java:380)
	at org.springframework.beans.factory.support.AbstractAutowireCapableBeanFactory.populateBean(AbstractAutowireCapableBeanFactory.java:1411)
	at org.springframework.beans.factory.support.AbstractAutowireCapableBeanFactory.doCreateBean(AbstractAutowireCapableBeanFactory.java:592)
	at org.springframework.beans.factory.support.AbstractAutowireCapableBeanFactory.createBean(AbstractAutowireCapableBeanFactory.java:515)
	at org.springframework.beans.factory.support.AbstractBeanFactory.lambda$doGetBean$0(AbstractBeanFactory.java:320)
	at org.springframework.beans.factory.support.DefaultSingletonBeanRegistry.getSingleton(DefaultSingletonBeanRegistry.java:222)
	at org.springframework.beans.factory.support.AbstractBeanFactory.doGetBean(AbstractBeanFactory.java:318)
	at org.springframework.beans.factory.support.AbstractBeanFactory.getBean(AbstractBeanFactory.java:199)
	at org.springframework.beans.factory.support.DefaultListableBeanFactory.preInstantiateSingletons(DefaultListableBeanFactory.java:849)
	at org.springframework.context.support.AbstractApplicationContext.finishBeanFactoryInitialization(AbstractApplicationContext.java:877)
	at org.springframework.context.support.AbstractApplicationContext.refresh(AbstractApplicationContext.java:549)
	at org.springframework.boot.web.servlet.context.ServletWebServerApplicationContext.refresh(ServletWebServerApplicationContext.java:142)
	at org.springframework.boot.SpringApplication.refresh(SpringApplication.java:775)
	at org.springframework.boot.SpringApplication.refreshContext(SpringApplication.java:397)
	at org.springframework.boot.SpringApplication.run(SpringApplication.java:316)
	at org.springframework.boot.SpringApplication.run(SpringApplication.java:1260)
	at org.springframework.boot.SpringApplication.run(SpringApplication.java:1248)
	at com.example.AccessSpringBootApplication.main(AccessSpringBootApplication.java:20)
Caused by: java.lang.IllegalArgumentException: Could not resolve placeholder 'publish.mqtt.username' in value "${publish.mqtt.username}"
	at org.springframework.util.PropertyPlaceholderHelper.parseStringValue(PropertyPlaceholderHelper.java:172)
	at org.springframework.util.PropertyPlaceholderHelper.replacePlaceholders(PropertyPlaceholderHelper.java:124)
	at org.springframework.core.env.AbstractPropertyResolver.doResolvePlaceholders(AbstractPropertyResolver.java:237)
	at org.springframework.core.env.AbstractPropertyResolver.resolveRequiredPlaceholders(AbstractPropertyResolver.java:211)
	at org.springframework.context.support.PropertySourcesPlaceholderConfigurer.lambda$processProperties$0(PropertySourcesPlaceholderConfigurer.java:175)
	at org.springframework.beans.factory.support.AbstractBeanFactory.resolveEmbeddedValue(AbstractBeanFactory.java:851)
	at org.springframework.beans.factory.support.DefaultListableBeanFactory.doResolveDependency(DefaultListableBeanFactory.java:1188)
	at org.springframework.beans.factory.support.DefaultListableBeanFactory.resolveDependency(DefaultListableBeanFactory.java:1167)
	at org.springframework.beans.factory.annotation.AutowiredAnnotationBeanPostProcessor$AutowiredFieldElement.inject(AutowiredAnnotationBeanPostProcessor.java:593)
	at org.springframework.beans.factory.annotation.InjectionMetadata.inject(InjectionMetadata.java:90)
	at org.springframework.beans.factory.annotation.AutowiredAnnotationBeanPostProcessor.postProcessProperties(AutowiredAnnotationBeanPostProcessor.java:374)
	... 17 common frames omitted
2025-08-06 15:05:47 [main] INFO  c.e.AccessSpringBootApplication - Starting AccessSpringBootApplication on DESKTOP-K0VJFS9 with PID 27752 (E:\private\access_simple_master\target\classes started by Administrator in E:\private\access_simple_master)
2025-08-06 15:05:47 [main] INFO  c.e.AccessSpringBootApplication - The following profiles are active: prod
2025-08-06 15:05:47 [main] INFO  o.s.d.r.c.RepositoryConfigurationDelegate - Multiple Spring Data modules found, entering strict repository configuration mode!
2025-08-06 15:05:47 [main] INFO  o.s.d.r.c.RepositoryConfigurationDelegate - Bootstrapping Spring Data repositories in DEFAULT mode.
2025-08-06 15:05:47 [main] INFO  o.s.d.r.c.RepositoryConfigurationDelegate - Finished Spring Data repository scanning in 10ms. Found 0 repository interfaces.
2025-08-06 15:05:48 [main] INFO  o.s.i.c.DefaultConfiguringBeanFactoryPostProcessor - No bean named 'errorChannel' has been explicitly defined. Therefore, a default PublishSubscribeChannel will be created.
2025-08-06 15:05:48 [main] INFO  o.s.i.c.DefaultConfiguringBeanFactoryPostProcessor - No bean named 'integrationHeaderChannelRegistry' has been explicitly defined. Therefore, a default DefaultHeaderChannelRegistry will be created.
2025-08-06 15:05:48 [main] INFO  o.s.c.s.PostProcessorRegistrationDelegate$BeanPostProcessorChecker - Bean 'org.springframework.transaction.annotation.ProxyTransactionManagementConfiguration' of type [org.springframework.transaction.annotation.ProxyTransactionManagementConfiguration$$EnhancerBySpringCGLIB$$b85d0d67] is not eligible for getting processed by all BeanPostProcessors (for example: not eligible for auto-proxying)
2025-08-06 15:05:48 [main] INFO  o.s.c.s.PostProcessorRegistrationDelegate$BeanPostProcessorChecker - Bean 'org.springframework.integration.config.IntegrationManagementConfiguration' of type [org.springframework.integration.config.IntegrationManagementConfiguration$$EnhancerBySpringCGLIB$$234ec896] is not eligible for getting processed by all BeanPostProcessors (for example: not eligible for auto-proxying)
2025-08-06 15:05:48 [main] INFO  o.s.c.s.PostProcessorRegistrationDelegate$BeanPostProcessorChecker - Bean 'integrationDisposableAutoCreatedBeans' of type [org.springframework.integration.config.annotation.Disposables] is not eligible for getting processed by all BeanPostProcessors (for example: not eligible for auto-proxying)
2025-08-06 15:05:48 [main] INFO  o.s.b.w.e.tomcat.TomcatWebServer - Tomcat initialized with port(s): 8888 (http)
2025-08-06 15:05:48 [main] INFO  o.a.coyote.http11.Http11NioProtocol - Initializing ProtocolHandler ["http-nio-8888"]
2025-08-06 15:05:48 [main] INFO  o.a.catalina.core.StandardService - Starting service [Tomcat]
2025-08-06 15:05:48 [main] INFO  o.a.catalina.core.StandardEngine - Starting Servlet engine: [Apache Tomcat/9.0.17]
2025-08-06 15:05:48 [main] INFO  o.a.c.c.C.[Tomcat].[localhost].[/] - Initializing Spring embedded WebApplicationContext
2025-08-06 15:05:48 [main] INFO  o.s.web.context.ContextLoader - Root WebApplicationContext: initialization completed in 978 ms
2025-08-06 15:05:49 [main] INFO  o.s.s.c.ThreadPoolTaskExecutor - Initializing ExecutorService 'applicationTaskExecutor'
2025-08-06 15:05:49 [main] INFO  o.s.s.c.ThreadPoolTaskScheduler - Initializing ExecutorService 'taskScheduler'
2025-08-06 15:05:49 [main] INFO  o.s.i.endpoint.EventDrivenConsumer - Adding {logging-channel-adapter:_org.springframework.integration.errorLogger} as a subscriber to the 'errorChannel' channel
2025-08-06 15:05:49 [main] INFO  o.s.i.c.PublishSubscribeChannel - Channel 'application.errorChannel' has 1 subscriber(s).
2025-08-06 15:05:49 [main] INFO  o.s.i.endpoint.EventDrivenConsumer - started _org.springframework.integration.errorLogger
2025-08-06 15:05:49 [main] INFO  o.a.coyote.http11.Http11NioProtocol - Starting ProtocolHandler ["http-nio-8888"]
2025-08-06 15:05:49 [main] INFO  o.s.b.w.e.tomcat.TomcatWebServer - Tomcat started on port(s): 8888 (http) with context path ''
2025-08-06 15:05:49 [main] INFO  c.e.AccessSpringBootApplication - Started AccessSpringBootApplication in 2.167 seconds (JVM running for 2.639)
2025-08-06 15:06:11 [http-nio-8888-exec-1] INFO  o.a.c.c.C.[Tomcat].[localhost].[/] - Initializing Spring DispatcherServlet 'dispatcherServlet'
2025-08-06 15:06:11 [http-nio-8888-exec-1] INFO  o.s.web.servlet.DispatcherServlet - Initializing Servlet 'dispatcherServlet'
2025-08-06 15:06:11 [http-nio-8888-exec-1] INFO  o.s.web.servlet.DispatcherServlet - Completed initialization in 14 ms
2025-08-06 15:06:12 [http-nio-8888-exec-1] ERROR com.example.mqtt.MQTTServer - 发送消息失败
java.lang.IllegalArgumentException: mqtt://117.14.55.74:18830
	at org.eclipse.paho.client.mqttv3.MqttConnectOptions.validateURI(MqttConnectOptions.java:552)
	at org.eclipse.paho.client.mqttv3.MqttAsyncClient.<init>(MqttAsyncClient.java:463)
	at org.eclipse.paho.client.mqttv3.MqttAsyncClient.<init>(MqttAsyncClient.java:328)
	at org.eclipse.paho.client.mqttv3.MqttAsyncClient.<init>(MqttAsyncClient.java:323)
	at org.eclipse.paho.client.mqttv3.MqttClient.<init>(MqttClient.java:229)
	at com.example.mqtt.MQTTServer.publishConnect(MQTTServer.java:26)
	at com.example.mqtt.MQTTServer.sendMQTTMessage(MQTTServer.java:45)
	at com.example.mqtt.MQTTController.test(MQTTController.java:30)
	at sun.reflect.NativeMethodAccessorImpl.invoke0(Native Method)
	at sun.reflect.NativeMethodAccessorImpl.invoke(NativeMethodAccessorImpl.java:62)
	at sun.reflect.DelegatingMethodAccessorImpl.invoke(DelegatingMethodAccessorImpl.java:43)
	at java.lang.reflect.Method.invoke(Method.java:498)
	at org.springframework.web.method.support.InvocableHandlerMethod.doInvoke(InvocableHandlerMethod.java:189)
	at org.springframework.web.method.support.InvocableHandlerMethod.invokeForRequest(InvocableHandlerMethod.java:138)
	at org.springframework.web.servlet.mvc.method.annotation.ServletInvocableHandlerMethod.invokeAndHandle(ServletInvocableHandlerMethod.java:102)
	at org.springframework.web.servlet.mvc.method.annotation.RequestMappingHandlerAdapter.invokeHandlerMethod(RequestMappingHandlerAdapter.java:892)
	at org.springframework.web.servlet.mvc.method.annotation.RequestMappingHandlerAdapter.handleInternal(RequestMappingHandlerAdapter.java:797)
	at org.springframework.web.servlet.mvc.method.AbstractHandlerMethodAdapter.handle(AbstractHandlerMethodAdapter.java:87)
	at org.springframework.web.servlet.DispatcherServlet.doDispatch(DispatcherServlet.java:1038)
	at org.springframework.web.servlet.DispatcherServlet.doService(DispatcherServlet.java:942)
	at org.springframework.web.servlet.FrameworkServlet.processRequest(FrameworkServlet.java:1005)
	at org.springframework.web.servlet.FrameworkServlet.doGet(FrameworkServlet.java:897)
	at javax.servlet.http.HttpServlet.service(HttpServlet.java:634)
	at org.springframework.web.servlet.FrameworkServlet.service(FrameworkServlet.java:882)
	at javax.servlet.http.HttpServlet.service(HttpServlet.java:741)
	at org.apache.catalina.core.ApplicationFilterChain.internalDoFilter(ApplicationFilterChain.java:231)
	at org.apache.catalina.core.ApplicationFilterChain.doFilter(ApplicationFilterChain.java:166)
	at org.apache.tomcat.websocket.server.WsFilter.doFilter(WsFilter.java:53)
	at org.apache.catalina.core.ApplicationFilterChain.internalDoFilter(ApplicationFilterChain.java:193)
	at org.apache.catalina.core.ApplicationFilterChain.doFilter(ApplicationFilterChain.java:166)
	at org.springframework.web.filter.RequestContextFilter.doFilterInternal(RequestContextFilter.java:99)
	at org.springframework.web.filter.OncePerRequestFilter.doFilter(OncePerRequestFilter.java:107)
	at org.apache.catalina.core.ApplicationFilterChain.internalDoFilter(ApplicationFilterChain.java:193)
	at org.apache.catalina.core.ApplicationFilterChain.doFilter(ApplicationFilterChain.java:166)
	at org.springframework.web.filter.FormContentFilter.doFilterInternal(FormContentFilter.java:92)
	at org.springframework.web.filter.OncePerRequestFilter.doFilter(OncePerRequestFilter.java:107)
	at org.apache.catalina.core.ApplicationFilterChain.internalDoFilter(ApplicationFilterChain.java:193)
	at org.apache.catalina.core.ApplicationFilterChain.doFilter(ApplicationFilterChain.java:166)
	at org.springframework.web.filter.HiddenHttpMethodFilter.doFilterInternal(HiddenHttpMethodFilter.java:93)
	at org.springframework.web.filter.OncePerRequestFilter.doFilter(OncePerRequestFilter.java:107)
	at org.apache.catalina.core.ApplicationFilterChain.internalDoFilter(ApplicationFilterChain.java:193)
	at org.apache.catalina.core.ApplicationFilterChain.doFilter(ApplicationFilterChain.java:166)
	at org.springframework.web.filter.CharacterEncodingFilter.doFilterInternal(CharacterEncodingFilter.java:200)
	at org.springframework.web.filter.OncePerRequestFilter.doFilter(OncePerRequestFilter.java:107)
	at org.apache.catalina.core.ApplicationFilterChain.internalDoFilter(ApplicationFilterChain.java:193)
	at org.apache.catalina.core.ApplicationFilterChain.doFilter(ApplicationFilterChain.java:166)
	at org.apache.catalina.core.StandardWrapperValve.invoke(StandardWrapperValve.java:200)
	at org.apache.catalina.core.StandardContextValve.invoke(StandardContextValve.java:96)
	at org.apache.catalina.authenticator.AuthenticatorBase.invoke(AuthenticatorBase.java:490)
	at org.apache.catalina.core.StandardHostValve.invoke(StandardHostValve.java:139)
	at org.apache.catalina.valves.ErrorReportValve.invoke(ErrorReportValve.java:92)
	at org.apache.catalina.core.StandardEngineValve.invoke(StandardEngineValve.java:74)
	at org.apache.catalina.connector.CoyoteAdapter.service(CoyoteAdapter.java:343)
	at org.apache.coyote.http11.Http11Processor.service(Http11Processor.java:408)
	at org.apache.coyote.AbstractProcessorLight.process(AbstractProcessorLight.java:66)
	at org.apache.coyote.AbstractProtocol$ConnectionHandler.process(AbstractProtocol.java:834)
	at org.apache.tomcat.util.net.NioEndpoint$SocketProcessor.doRun(NioEndpoint.java:1415)
	at org.apache.tomcat.util.net.SocketProcessorBase.run(SocketProcessorBase.java:49)
	at java.util.concurrent.ThreadPoolExecutor.runWorker(ThreadPoolExecutor.java:1149)
	at java.util.concurrent.ThreadPoolExecutor$Worker.run(ThreadPoolExecutor.java:624)
	at org.apache.tomcat.util.threads.TaskThread$WrappingRunnable.run(TaskThread.java:61)
	at java.lang.Thread.run(Thread.java:748)
2025-08-06 15:06:34 [Thread-6] INFO  o.s.i.endpoint.EventDrivenConsumer - Removing {logging-channel-adapter:_org.springframework.integration.errorLogger} as a subscriber to the 'errorChannel' channel
2025-08-06 15:06:34 [Thread-6] INFO  o.s.i.c.PublishSubscribeChannel - Channel 'application.errorChannel' has 0 subscriber(s).
2025-08-06 15:06:34 [Thread-6] INFO  o.s.i.endpoint.EventDrivenConsumer - stopped _org.springframework.integration.errorLogger
2025-08-06 15:06:34 [Thread-6] INFO  o.s.s.c.ThreadPoolTaskScheduler - Shutting down ExecutorService 'taskScheduler'
2025-08-06 15:06:34 [Thread-6] INFO  o.s.s.c.ThreadPoolTaskExecutor - Shutting down ExecutorService 'applicationTaskExecutor'
2025-08-06 15:06:36 [main] INFO  c.e.AccessSpringBootApplication - Starting AccessSpringBootApplication on DESKTOP-K0VJFS9 with PID 25544 (E:\private\access_simple_master\target\classes started by Administrator in E:\private\access_simple_master)
2025-08-06 15:06:36 [main] INFO  c.e.AccessSpringBootApplication - The following profiles are active: prod
2025-08-06 15:06:37 [main] INFO  o.s.d.r.c.RepositoryConfigurationDelegate - Multiple Spring Data modules found, entering strict repository configuration mode!
2025-08-06 15:06:37 [main] INFO  o.s.d.r.c.RepositoryConfigurationDelegate - Bootstrapping Spring Data repositories in DEFAULT mode.
2025-08-06 15:06:37 [main] INFO  o.s.d.r.c.RepositoryConfigurationDelegate - Finished Spring Data repository scanning in 9ms. Found 0 repository interfaces.
2025-08-06 15:06:37 [main] INFO  o.s.i.c.DefaultConfiguringBeanFactoryPostProcessor - No bean named 'errorChannel' has been explicitly defined. Therefore, a default PublishSubscribeChannel will be created.
2025-08-06 15:06:37 [main] INFO  o.s.i.c.DefaultConfiguringBeanFactoryPostProcessor - No bean named 'integrationHeaderChannelRegistry' has been explicitly defined. Therefore, a default DefaultHeaderChannelRegistry will be created.
2025-08-06 15:06:37 [main] INFO  o.s.c.s.PostProcessorRegistrationDelegate$BeanPostProcessorChecker - Bean 'org.springframework.transaction.annotation.ProxyTransactionManagementConfiguration' of type [org.springframework.transaction.annotation.ProxyTransactionManagementConfiguration$$EnhancerBySpringCGLIB$$e949fd3a] is not eligible for getting processed by all BeanPostProcessors (for example: not eligible for auto-proxying)
2025-08-06 15:06:37 [main] INFO  o.s.c.s.PostProcessorRegistrationDelegate$BeanPostProcessorChecker - Bean 'org.springframework.integration.config.IntegrationManagementConfiguration' of type [org.springframework.integration.config.IntegrationManagementConfiguration$$EnhancerBySpringCGLIB$$543bb869] is not eligible for getting processed by all BeanPostProcessors (for example: not eligible for auto-proxying)
2025-08-06 15:06:37 [main] INFO  o.s.c.s.PostProcessorRegistrationDelegate$BeanPostProcessorChecker - Bean 'integrationDisposableAutoCreatedBeans' of type [org.springframework.integration.config.annotation.Disposables] is not eligible for getting processed by all BeanPostProcessors (for example: not eligible for auto-proxying)
2025-08-06 15:06:37 [main] INFO  o.s.b.w.e.tomcat.TomcatWebServer - Tomcat initialized with port(s): 8888 (http)
2025-08-06 15:06:37 [main] INFO  o.a.coyote.http11.Http11NioProtocol - Initializing ProtocolHandler ["http-nio-8888"]
2025-08-06 15:06:37 [main] INFO  o.a.catalina.core.StandardService - Starting service [Tomcat]
2025-08-06 15:06:37 [main] INFO  o.a.catalina.core.StandardEngine - Starting Servlet engine: [Apache Tomcat/9.0.17]
2025-08-06 15:06:37 [main] INFO  o.a.c.c.C.[Tomcat].[localhost].[/] - Initializing Spring embedded WebApplicationContext
2025-08-06 15:06:37 [main] INFO  o.s.web.context.ContextLoader - Root WebApplicationContext: initialization completed in 929 ms
2025-08-06 15:06:38 [main] INFO  o.s.s.c.ThreadPoolTaskExecutor - Initializing ExecutorService 'applicationTaskExecutor'
2025-08-06 15:06:38 [main] INFO  o.s.s.c.ThreadPoolTaskScheduler - Initializing ExecutorService 'taskScheduler'
2025-08-06 15:06:38 [main] INFO  o.s.i.endpoint.EventDrivenConsumer - Adding {logging-channel-adapter:_org.springframework.integration.errorLogger} as a subscriber to the 'errorChannel' channel
2025-08-06 15:06:38 [main] INFO  o.s.i.c.PublishSubscribeChannel - Channel 'application.errorChannel' has 1 subscriber(s).
2025-08-06 15:06:38 [main] INFO  o.s.i.endpoint.EventDrivenConsumer - started _org.springframework.integration.errorLogger
2025-08-06 15:06:38 [main] INFO  o.a.coyote.http11.Http11NioProtocol - Starting ProtocolHandler ["http-nio-8888"]
2025-08-06 15:06:38 [main] INFO  o.s.b.w.e.tomcat.TomcatWebServer - Tomcat started on port(s): 8888 (http) with context path ''
2025-08-06 15:06:38 [main] INFO  c.e.AccessSpringBootApplication - Started AccessSpringBootApplication in 2.164 seconds (JVM running for 2.646)
2025-08-06 15:06:42 [http-nio-8888-exec-1] INFO  o.a.c.c.C.[Tomcat].[localhost].[/] - Initializing Spring DispatcherServlet 'dispatcherServlet'
2025-08-06 15:06:42 [http-nio-8888-exec-1] INFO  o.s.web.servlet.DispatcherServlet - Initializing Servlet 'dispatcherServlet'
2025-08-06 15:06:42 [http-nio-8888-exec-1] INFO  o.s.web.servlet.DispatcherServlet - Completed initialization in 5 ms
2025-08-06 15:06:42 [http-nio-8888-exec-1] INFO  com.example.mqtt.MQTTServer - 连接成功
2025-08-06 15:07:17 [http-nio-8888-exec-2] INFO  com.example.mqtt.MQTTServer - 重新连接成功
2025-08-06 15:07:24 [Thread-6] INFO  o.s.i.endpoint.EventDrivenConsumer - Removing {logging-channel-adapter:_org.springframework.integration.errorLogger} as a subscriber to the 'errorChannel' channel
2025-08-06 15:07:24 [Thread-6] INFO  o.s.i.c.PublishSubscribeChannel - Channel 'application.errorChannel' has 0 subscriber(s).
2025-08-06 15:07:24 [Thread-6] INFO  o.s.i.endpoint.EventDrivenConsumer - stopped _org.springframework.integration.errorLogger
2025-08-06 15:07:24 [Thread-6] INFO  o.s.s.c.ThreadPoolTaskScheduler - Shutting down ExecutorService 'taskScheduler'
2025-08-06 15:07:24 [Thread-6] INFO  o.s.s.c.ThreadPoolTaskExecutor - Shutting down ExecutorService 'applicationTaskExecutor'
2025-08-06 15:07:26 [main] INFO  c.e.AccessSpringBootApplication - Starting AccessSpringBootApplication on DESKTOP-K0VJFS9 with PID 13296 (E:\private\access_simple_master\target\classes started by Administrator in E:\private\access_simple_master)
2025-08-06 15:07:26 [main] INFO  c.e.AccessSpringBootApplication - The following profiles are active: prod
2025-08-06 15:07:26 [main] INFO  o.s.d.r.c.RepositoryConfigurationDelegate - Multiple Spring Data modules found, entering strict repository configuration mode!
2025-08-06 15:07:26 [main] INFO  o.s.d.r.c.RepositoryConfigurationDelegate - Bootstrapping Spring Data repositories in DEFAULT mode.
2025-08-06 15:07:26 [main] INFO  o.s.d.r.c.RepositoryConfigurationDelegate - Finished Spring Data repository scanning in 10ms. Found 0 repository interfaces.
2025-08-06 15:07:26 [main] INFO  o.s.i.c.DefaultConfiguringBeanFactoryPostProcessor - No bean named 'errorChannel' has been explicitly defined. Therefore, a default PublishSubscribeChannel will be created.
2025-08-06 15:07:26 [main] INFO  o.s.i.c.DefaultConfiguringBeanFactoryPostProcessor - No bean named 'integrationHeaderChannelRegistry' has been explicitly defined. Therefore, a default DefaultHeaderChannelRegistry will be created.
2025-08-06 15:07:26 [main] INFO  o.s.c.s.PostProcessorRegistrationDelegate$BeanPostProcessorChecker - Bean 'org.springframework.transaction.annotation.ProxyTransactionManagementConfiguration' of type [org.springframework.transaction.annotation.ProxyTransactionManagementConfiguration$$EnhancerBySpringCGLIB$$cfb02961] is not eligible for getting processed by all BeanPostProcessors (for example: not eligible for auto-proxying)
2025-08-06 15:07:26 [main] INFO  o.s.c.s.PostProcessorRegistrationDelegate$BeanPostProcessorChecker - Bean 'org.springframework.integration.config.IntegrationManagementConfiguration' of type [org.springframework.integration.config.IntegrationManagementConfiguration$$EnhancerBySpringCGLIB$$3aa1e490] is not eligible for getting processed by all BeanPostProcessors (for example: not eligible for auto-proxying)
2025-08-06 15:07:26 [main] INFO  o.s.c.s.PostProcessorRegistrationDelegate$BeanPostProcessorChecker - Bean 'integrationDisposableAutoCreatedBeans' of type [org.springframework.integration.config.annotation.Disposables] is not eligible for getting processed by all BeanPostProcessors (for example: not eligible for auto-proxying)
2025-08-06 15:07:27 [main] INFO  o.s.b.w.e.tomcat.TomcatWebServer - Tomcat initialized with port(s): 8888 (http)
2025-08-06 15:07:27 [main] INFO  o.a.coyote.http11.Http11NioProtocol - Initializing ProtocolHandler ["http-nio-8888"]
2025-08-06 15:07:27 [main] INFO  o.a.catalina.core.StandardService - Starting service [Tomcat]
2025-08-06 15:07:27 [main] INFO  o.a.catalina.core.StandardEngine - Starting Servlet engine: [Apache Tomcat/9.0.17]
2025-08-06 15:07:27 [main] INFO  o.a.c.c.C.[Tomcat].[localhost].[/] - Initializing Spring embedded WebApplicationContext
2025-08-06 15:07:27 [main] INFO  o.s.web.context.ContextLoader - Root WebApplicationContext: initialization completed in 1083 ms
2025-08-06 15:07:27 [main] INFO  o.s.s.c.ThreadPoolTaskExecutor - Initializing ExecutorService 'applicationTaskExecutor'
2025-08-06 15:07:28 [main] INFO  o.s.s.c.ThreadPoolTaskScheduler - Initializing ExecutorService 'taskScheduler'
2025-08-06 15:07:28 [main] INFO  o.s.i.endpoint.EventDrivenConsumer - Adding {logging-channel-adapter:_org.springframework.integration.errorLogger} as a subscriber to the 'errorChannel' channel
2025-08-06 15:07:28 [main] INFO  o.s.i.c.PublishSubscribeChannel - Channel 'application.errorChannel' has 1 subscriber(s).
2025-08-06 15:07:28 [main] INFO  o.s.i.endpoint.EventDrivenConsumer - started _org.springframework.integration.errorLogger
2025-08-06 15:07:28 [main] INFO  o.a.coyote.http11.Http11NioProtocol - Starting ProtocolHandler ["http-nio-8888"]
2025-08-06 15:07:28 [main] INFO  o.s.b.w.e.tomcat.TomcatWebServer - Tomcat started on port(s): 8888 (http) with context path ''
2025-08-06 15:07:28 [main] INFO  c.e.AccessSpringBootApplication - Started AccessSpringBootApplication in 2.555 seconds (JVM running for 3.122)
2025-08-06 15:07:36 [http-nio-8888-exec-1] INFO  o.a.c.c.C.[Tomcat].[localhost].[/] - Initializing Spring DispatcherServlet 'dispatcherServlet'
2025-08-06 15:07:36 [http-nio-8888-exec-1] INFO  o.s.web.servlet.DispatcherServlet - Initializing Servlet 'dispatcherServlet'
2025-08-06 15:07:36 [http-nio-8888-exec-1] INFO  o.s.web.servlet.DispatcherServlet - Completed initialization in 6 ms
2025-08-06 15:08:00 [http-nio-8888-exec-1] INFO  com.example.mqtt.MQTTServer - 连接成功
2025-08-06 15:08:49 [MQTT Ping: mqttx_40cba7e6] ERROR o.e.p.c.mqttv3.internal.ClientState - mqttx_40cba7e6: Timed out as no write activity, keepAlive=10,000 lastOutboundActivity=1,754,464,101,377 lastInboundActivity=1,754,464,101,422 time=1,754,464,129,605 lastPing=1,754,464,090,604
2025-08-06 15:08:49 [Thread-7] INFO  o.s.i.endpoint.EventDrivenConsumer - Removing {logging-channel-adapter:_org.springframework.integration.errorLogger} as a subscriber to the 'errorChannel' channel
2025-08-06 15:08:49 [Thread-7] INFO  o.s.i.c.PublishSubscribeChannel - Channel 'application.errorChannel' has 0 subscriber(s).
2025-08-06 15:08:49 [Thread-7] INFO  o.s.i.endpoint.EventDrivenConsumer - stopped _org.springframework.integration.errorLogger
2025-08-06 15:08:49 [Thread-7] INFO  o.s.s.c.ThreadPoolTaskScheduler - Shutting down ExecutorService 'taskScheduler'
2025-08-06 15:08:49 [Thread-7] INFO  o.s.s.c.ThreadPoolTaskExecutor - Shutting down ExecutorService 'applicationTaskExecutor'
2025-08-06 15:08:53 [main] INFO  c.e.AccessSpringBootApplication - Starting AccessSpringBootApplication on DESKTOP-K0VJFS9 with PID 26492 (E:\private\access_simple_master\target\classes started by Administrator in E:\private\access_simple_master)
2025-08-06 15:08:53 [main] INFO  c.e.AccessSpringBootApplication - The following profiles are active: prod
2025-08-06 15:08:53 [main] INFO  o.s.d.r.c.RepositoryConfigurationDelegate - Multiple Spring Data modules found, entering strict repository configuration mode!
2025-08-06 15:08:53 [main] INFO  o.s.d.r.c.RepositoryConfigurationDelegate - Bootstrapping Spring Data repositories in DEFAULT mode.
2025-08-06 15:08:53 [main] INFO  o.s.d.r.c.RepositoryConfigurationDelegate - Finished Spring Data repository scanning in 11ms. Found 0 repository interfaces.
2025-08-06 15:08:54 [main] INFO  o.s.i.c.DefaultConfiguringBeanFactoryPostProcessor - No bean named 'errorChannel' has been explicitly defined. Therefore, a default PublishSubscribeChannel will be created.
2025-08-06 15:08:54 [main] INFO  o.s.i.c.DefaultConfiguringBeanFactoryPostProcessor - No bean named 'integrationHeaderChannelRegistry' has been explicitly defined. Therefore, a default DefaultHeaderChannelRegistry will be created.
2025-08-06 15:08:54 [main] INFO  o.s.c.s.PostProcessorRegistrationDelegate$BeanPostProcessorChecker - Bean 'org.springframework.transaction.annotation.ProxyTransactionManagementConfiguration' of type [org.springframework.transaction.annotation.ProxyTransactionManagementConfiguration$$EnhancerBySpringCGLIB$$7d5c899b] is not eligible for getting processed by all BeanPostProcessors (for example: not eligible for auto-proxying)
2025-08-06 15:08:54 [main] INFO  o.s.c.s.PostProcessorRegistrationDelegate$BeanPostProcessorChecker - Bean 'org.springframework.integration.config.IntegrationManagementConfiguration' of type [org.springframework.integration.config.IntegrationManagementConfiguration$$EnhancerBySpringCGLIB$$e84e44ca] is not eligible for getting processed by all BeanPostProcessors (for example: not eligible for auto-proxying)
2025-08-06 15:08:54 [main] INFO  o.s.c.s.PostProcessorRegistrationDelegate$BeanPostProcessorChecker - Bean 'integrationDisposableAutoCreatedBeans' of type [org.springframework.integration.config.annotation.Disposables] is not eligible for getting processed by all BeanPostProcessors (for example: not eligible for auto-proxying)
2025-08-06 15:08:54 [main] INFO  o.s.b.w.e.tomcat.TomcatWebServer - Tomcat initialized with port(s): 8888 (http)
2025-08-06 15:08:54 [main] INFO  o.a.coyote.http11.Http11NioProtocol - Initializing ProtocolHandler ["http-nio-8888"]
2025-08-06 15:08:54 [main] INFO  o.a.catalina.core.StandardService - Starting service [Tomcat]
2025-08-06 15:08:54 [main] INFO  o.a.catalina.core.StandardEngine - Starting Servlet engine: [Apache Tomcat/9.0.17]
2025-08-06 15:08:54 [main] INFO  o.a.c.c.C.[Tomcat].[localhost].[/] - Initializing Spring embedded WebApplicationContext
2025-08-06 15:08:54 [main] INFO  o.s.web.context.ContextLoader - Root WebApplicationContext: initialization completed in 1070 ms
2025-08-06 15:08:55 [main] INFO  o.s.s.c.ThreadPoolTaskExecutor - Initializing ExecutorService 'applicationTaskExecutor'
2025-08-06 15:08:55 [main] INFO  o.s.s.c.ThreadPoolTaskScheduler - Initializing ExecutorService 'taskScheduler'
2025-08-06 15:08:55 [main] INFO  o.s.i.endpoint.EventDrivenConsumer - Adding {logging-channel-adapter:_org.springframework.integration.errorLogger} as a subscriber to the 'errorChannel' channel
2025-08-06 15:08:55 [main] INFO  o.s.i.c.PublishSubscribeChannel - Channel 'application.errorChannel' has 1 subscriber(s).
2025-08-06 15:08:55 [main] INFO  o.s.i.endpoint.EventDrivenConsumer - started _org.springframework.integration.errorLogger
2025-08-06 15:08:55 [main] INFO  o.a.coyote.http11.Http11NioProtocol - Starting ProtocolHandler ["http-nio-8888"]
2025-08-06 15:08:55 [main] INFO  o.s.b.w.e.tomcat.TomcatWebServer - Tomcat started on port(s): 8888 (http) with context path ''
2025-08-06 15:08:55 [main] INFO  c.e.AccessSpringBootApplication - Started AccessSpringBootApplication in 2.491 seconds (JVM running for 3.0)
2025-08-06 15:09:00 [http-nio-8888-exec-1] INFO  o.a.c.c.C.[Tomcat].[localhost].[/] - Initializing Spring DispatcherServlet 'dispatcherServlet'
2025-08-06 15:09:00 [http-nio-8888-exec-1] INFO  o.s.web.servlet.DispatcherServlet - Initializing Servlet 'dispatcherServlet'
2025-08-06 15:09:00 [http-nio-8888-exec-1] INFO  o.s.web.servlet.DispatcherServlet - Completed initialization in 5 ms
2025-08-06 15:09:00 [http-nio-8888-exec-1] INFO  com.example.mqtt.MQTTServer - 连接成功
2025-08-06 15:09:51 [Thread-7] INFO  o.s.i.endpoint.EventDrivenConsumer - Removing {logging-channel-adapter:_org.springframework.integration.errorLogger} as a subscriber to the 'errorChannel' channel
2025-08-06 15:09:51 [Thread-7] INFO  o.s.i.c.PublishSubscribeChannel - Channel 'application.errorChannel' has 0 subscriber(s).
2025-08-06 15:09:51 [Thread-7] INFO  o.s.i.endpoint.EventDrivenConsumer - stopped _org.springframework.integration.errorLogger
2025-08-06 15:09:51 [Thread-7] INFO  o.s.s.c.ThreadPoolTaskScheduler - Shutting down ExecutorService 'taskScheduler'
2025-08-06 15:09:51 [Thread-7] INFO  o.s.s.c.ThreadPoolTaskExecutor - Shutting down ExecutorService 'applicationTaskExecutor'
2025-08-06 15:09:53 [main] INFO  c.e.AccessSpringBootApplication - Starting AccessSpringBootApplication on DESKTOP-K0VJFS9 with PID 4632 (E:\private\access_simple_master\target\classes started by Administrator in E:\private\access_simple_master)
2025-08-06 15:09:53 [main] INFO  c.e.AccessSpringBootApplication - The following profiles are active: prod
2025-08-06 15:09:54 [main] INFO  o.s.d.r.c.RepositoryConfigurationDelegate - Multiple Spring Data modules found, entering strict repository configuration mode!
2025-08-06 15:09:54 [main] INFO  o.s.d.r.c.RepositoryConfigurationDelegate - Bootstrapping Spring Data repositories in DEFAULT mode.
2025-08-06 15:09:54 [main] INFO  o.s.d.r.c.RepositoryConfigurationDelegate - Finished Spring Data repository scanning in 10ms. Found 0 repository interfaces.
2025-08-06 15:09:54 [main] INFO  o.s.i.c.DefaultConfiguringBeanFactoryPostProcessor - No bean named 'errorChannel' has been explicitly defined. Therefore, a default PublishSubscribeChannel will be created.
2025-08-06 15:09:54 [main] INFO  o.s.i.c.DefaultConfiguringBeanFactoryPostProcessor - No bean named 'integrationHeaderChannelRegistry' has been explicitly defined. Therefore, a default DefaultHeaderChannelRegistry will be created.
2025-08-06 15:09:54 [main] INFO  o.s.c.s.PostProcessorRegistrationDelegate$BeanPostProcessorChecker - Bean 'org.springframework.transaction.annotation.ProxyTransactionManagementConfiguration' of type [org.springframework.transaction.annotation.ProxyTransactionManagementConfiguration$$EnhancerBySpringCGLIB$$2d12bfd4] is not eligible for getting processed by all BeanPostProcessors (for example: not eligible for auto-proxying)
2025-08-06 15:09:54 [main] INFO  o.s.c.s.PostProcessorRegistrationDelegate$BeanPostProcessorChecker - Bean 'org.springframework.integration.config.IntegrationManagementConfiguration' of type [org.springframework.integration.config.IntegrationManagementConfiguration$$EnhancerBySpringCGLIB$$98047b03] is not eligible for getting processed by all BeanPostProcessors (for example: not eligible for auto-proxying)
2025-08-06 15:09:54 [main] INFO  o.s.c.s.PostProcessorRegistrationDelegate$BeanPostProcessorChecker - Bean 'integrationDisposableAutoCreatedBeans' of type [org.springframework.integration.config.annotation.Disposables] is not eligible for getting processed by all BeanPostProcessors (for example: not eligible for auto-proxying)
2025-08-06 15:09:54 [main] INFO  o.s.b.w.e.tomcat.TomcatWebServer - Tomcat initialized with port(s): 8888 (http)
2025-08-06 15:09:54 [main] INFO  o.a.coyote.http11.Http11NioProtocol - Initializing ProtocolHandler ["http-nio-8888"]
2025-08-06 15:09:54 [main] INFO  o.a.catalina.core.StandardService - Starting service [Tomcat]
2025-08-06 15:09:54 [main] INFO  o.a.catalina.core.StandardEngine - Starting Servlet engine: [Apache Tomcat/9.0.17]
2025-08-06 15:09:54 [main] INFO  o.a.c.c.C.[Tomcat].[localhost].[/] - Initializing Spring embedded WebApplicationContext
2025-08-06 15:09:54 [main] INFO  o.s.web.context.ContextLoader - Root WebApplicationContext: initialization completed in 1043 ms
2025-08-06 15:09:55 [main] INFO  o.s.s.c.ThreadPoolTaskExecutor - Initializing ExecutorService 'applicationTaskExecutor'
2025-08-06 15:09:55 [main] INFO  o.s.s.c.ThreadPoolTaskScheduler - Initializing ExecutorService 'taskScheduler'
2025-08-06 15:09:55 [main] INFO  o.s.i.endpoint.EventDrivenConsumer - Adding {logging-channel-adapter:_org.springframework.integration.errorLogger} as a subscriber to the 'errorChannel' channel
2025-08-06 15:09:55 [main] INFO  o.s.i.c.PublishSubscribeChannel - Channel 'application.errorChannel' has 1 subscriber(s).
2025-08-06 15:09:55 [main] INFO  o.s.i.endpoint.EventDrivenConsumer - started _org.springframework.integration.errorLogger
2025-08-06 15:09:55 [main] INFO  o.a.coyote.http11.Http11NioProtocol - Starting ProtocolHandler ["http-nio-8888"]
2025-08-06 15:09:55 [main] INFO  o.s.b.w.e.tomcat.TomcatWebServer - Tomcat started on port(s): 8888 (http) with context path ''
2025-08-06 15:09:55 [main] INFO  c.e.AccessSpringBootApplication - Started AccessSpringBootApplication in 2.491 seconds (JVM running for 3.091)
2025-08-06 15:10:00 [task-1] INFO  io.lettuce.core.EpollProvider - Starting without optional epoll library
2025-08-06 15:10:00 [task-1] INFO  io.lettuce.core.KqueueProvider - Starting without optional kqueue library
2025-08-06 15:10:02 [task-1] ERROR o.s.a.i.SimpleAsyncUncaughtExceptionHandler - Unexpected exception occurred invoking async method: public void com.example.task.ScaleRedisTask.push()
org.springframework.data.redis.RedisConnectionFailureException: Unable to connect to Redis; nested exception is io.lettuce.core.RedisConnectionException: Unable to connect to 127.0.0.1:6379
	at org.springframework.data.redis.connection.lettuce.LettuceConnectionFactory$SharedConnection.getNativeConnection(LettuceConnectionFactory.java:1111)
	at org.springframework.data.redis.connection.lettuce.LettuceConnectionFactory$SharedConnection.getConnection(LettuceConnectionFactory.java:1084)
	at org.springframework.data.redis.connection.lettuce.LettuceConnectionFactory.getSharedConnection(LettuceConnectionFactory.java:866)
	at org.springframework.data.redis.connection.lettuce.LettuceConnectionFactory.getConnection(LettuceConnectionFactory.java:341)
	at org.springframework.data.redis.core.RedisConnectionUtils.doGetConnection(RedisConnectionUtils.java:132)
	at org.springframework.data.redis.core.RedisConnectionUtils.getConnection(RedisConnectionUtils.java:95)
	at org.springframework.data.redis.core.RedisConnectionUtils.getConnection(RedisConnectionUtils.java:82)
	at org.springframework.data.redis.core.RedisTemplate.execute(RedisTemplate.java:211)
	at org.springframework.data.redis.core.RedisTemplate.execute(RedisTemplate.java:184)
	at org.springframework.data.redis.core.RedisTemplate.hasKey(RedisTemplate.java:769)
	at com.example.task.ScaleRedisTask.queryLastFiveIdList(ScaleRedisTask.java:184)
	at com.example.task.ScaleRedisTask.push(ScaleRedisTask.java:71)
	at com.example.task.ScaleRedisTask$$FastClassBySpringCGLIB$$afb5cdae.invoke(<generated>)
	at org.springframework.cglib.proxy.MethodProxy.invoke(MethodProxy.java:218)
	at org.springframework.aop.framework.CglibAopProxy$CglibMethodInvocation.invokeJoinpoint(CglibAopProxy.java:749)
	at org.springframework.aop.framework.ReflectiveMethodInvocation.proceed(ReflectiveMethodInvocation.java:163)
	at org.springframework.aop.interceptor.AsyncExecutionInterceptor.lambda$invoke$0(AsyncExecutionInterceptor.java:115)
	at java.util.concurrent.FutureTask.run$$$capture(FutureTask.java:266)
	at java.util.concurrent.FutureTask.run(FutureTask.java)
	at java.util.concurrent.ThreadPoolExecutor.runWorker(ThreadPoolExecutor.java:1149)
	at java.util.concurrent.ThreadPoolExecutor$Worker.run(ThreadPoolExecutor.java:624)
	at java.lang.Thread.run(Thread.java:748)
Caused by: io.lettuce.core.RedisConnectionException: Unable to connect to 127.0.0.1:6379
	at io.lettuce.core.RedisConnectionException.create(RedisConnectionException.java:78)
	at io.lettuce.core.RedisConnectionException.create(RedisConnectionException.java:56)
	at io.lettuce.core.AbstractRedisClient.getConnection(AbstractRedisClient.java:235)
	at io.lettuce.core.RedisClient.connect(RedisClient.java:204)
	at org.springframework.data.redis.connection.lettuce.StandaloneConnectionProvider.lambda$getConnection$1(StandaloneConnectionProvider.java:113)
	at java.util.Optional.orElseGet(Optional.java:267)
	at org.springframework.data.redis.connection.lettuce.StandaloneConnectionProvider.getConnection(StandaloneConnectionProvider.java:113)
	at org.springframework.data.redis.connection.lettuce.LettuceConnectionFactory$SharedConnection.getNativeConnection(LettuceConnectionFactory.java:1104)
	... 21 common frames omitted
Caused by: io.netty.channel.AbstractChannel$AnnotatedConnectException: Connection refused: no further information: /127.0.0.1:6379
	at sun.nio.ch.SocketChannelImpl.checkConnect(Native Method)
	at sun.nio.ch.SocketChannelImpl.finishConnect(SocketChannelImpl.java:717)
	at io.netty.channel.socket.nio.NioSocketChannel.doFinishConnect(NioSocketChannel.java:327)
	at io.netty.channel.nio.AbstractNioChannel$AbstractNioUnsafe.finishConnect(AbstractNioChannel.java:340)
	at io.netty.channel.nio.NioEventLoop.processSelectedKey(NioEventLoop.java:665)
	at io.netty.channel.nio.NioEventLoop.processSelectedKeysOptimized(NioEventLoop.java:612)
	at io.netty.channel.nio.NioEventLoop.processSelectedKeys(NioEventLoop.java:529)
	at io.netty.channel.nio.NioEventLoop.run(NioEventLoop.java:491)
	at io.netty.util.concurrent.SingleThreadEventExecutor$5.run(SingleThreadEventExecutor.java:905)
	at io.netty.util.concurrent.FastThreadLocalRunnable.run(FastThreadLocalRunnable.java:30)
	... 1 common frames omitted
Caused by: java.net.ConnectException: Connection refused: no further information
	... 11 common frames omitted
2025-08-06 15:10:25 [http-nio-8888-exec-1] INFO  o.a.c.c.C.[Tomcat].[localhost].[/] - Initializing Spring DispatcherServlet 'dispatcherServlet'
2025-08-06 15:10:25 [http-nio-8888-exec-1] INFO  o.s.web.servlet.DispatcherServlet - Initializing Servlet 'dispatcherServlet'
2025-08-06 15:10:25 [http-nio-8888-exec-1] INFO  o.s.web.servlet.DispatcherServlet - Completed initialization in 7 ms
2025-08-06 15:10:25 [http-nio-8888-exec-1] INFO  com.example.mqtt.MQTTServer - 连接成功
2025-08-06 15:12:02 [Thread-7] INFO  o.s.i.endpoint.EventDrivenConsumer - Removing {logging-channel-adapter:_org.springframework.integration.errorLogger} as a subscriber to the 'errorChannel' channel
2025-08-06 15:12:02 [Thread-7] INFO  o.s.i.c.PublishSubscribeChannel - Channel 'application.errorChannel' has 0 subscriber(s).
2025-08-06 15:12:02 [Thread-7] INFO  o.s.i.endpoint.EventDrivenConsumer - stopped _org.springframework.integration.errorLogger
2025-08-06 15:12:02 [Thread-7] INFO  o.s.s.c.ThreadPoolTaskScheduler - Shutting down ExecutorService 'taskScheduler'
2025-08-06 15:12:02 [Thread-7] INFO  o.s.s.c.ThreadPoolTaskExecutor - Shutting down ExecutorService 'applicationTaskExecutor'
2025-08-06 15:12:07 [main] INFO  c.e.AccessSpringBootApplication - Starting AccessSpringBootApplication on DESKTOP-K0VJFS9 with PID 25260 (E:\private\access_simple_master\target\classes started by Administrator in E:\private\access_simple_master)
2025-08-06 15:12:07 [main] INFO  c.e.AccessSpringBootApplication - The following profiles are active: prod
2025-08-06 15:12:07 [main] INFO  o.s.d.r.c.RepositoryConfigurationDelegate - Multiple Spring Data modules found, entering strict repository configuration mode!
2025-08-06 15:12:07 [main] INFO  o.s.d.r.c.RepositoryConfigurationDelegate - Bootstrapping Spring Data repositories in DEFAULT mode.
2025-08-06 15:12:07 [main] INFO  o.s.d.r.c.RepositoryConfigurationDelegate - Finished Spring Data repository scanning in 10ms. Found 0 repository interfaces.
2025-08-06 15:12:08 [main] INFO  o.s.i.c.DefaultConfiguringBeanFactoryPostProcessor - No bean named 'errorChannel' has been explicitly defined. Therefore, a default PublishSubscribeChannel will be created.
2025-08-06 15:12:08 [main] INFO  o.s.i.c.DefaultConfiguringBeanFactoryPostProcessor - No bean named 'integrationHeaderChannelRegistry' has been explicitly defined. Therefore, a default DefaultHeaderChannelRegistry will be created.
2025-08-06 15:12:08 [main] INFO  o.s.c.s.PostProcessorRegistrationDelegate$BeanPostProcessorChecker - Bean 'org.springframework.transaction.annotation.ProxyTransactionManagementConfiguration' of type [org.springframework.transaction.annotation.ProxyTransactionManagementConfiguration$$EnhancerBySpringCGLIB$$2574efa2] is not eligible for getting processed by all BeanPostProcessors (for example: not eligible for auto-proxying)
2025-08-06 15:12:08 [main] INFO  o.s.c.s.PostProcessorRegistrationDelegate$BeanPostProcessorChecker - Bean 'org.springframework.integration.config.IntegrationManagementConfiguration' of type [org.springframework.integration.config.IntegrationManagementConfiguration$$EnhancerBySpringCGLIB$$9066aad1] is not eligible for getting processed by all BeanPostProcessors (for example: not eligible for auto-proxying)
2025-08-06 15:12:08 [main] INFO  o.s.c.s.PostProcessorRegistrationDelegate$BeanPostProcessorChecker - Bean 'integrationDisposableAutoCreatedBeans' of type [org.springframework.integration.config.annotation.Disposables] is not eligible for getting processed by all BeanPostProcessors (for example: not eligible for auto-proxying)
2025-08-06 15:12:08 [main] INFO  o.s.b.w.e.tomcat.TomcatWebServer - Tomcat initialized with port(s): 8888 (http)
2025-08-06 15:12:08 [main] INFO  o.a.coyote.http11.Http11NioProtocol - Initializing ProtocolHandler ["http-nio-8888"]
2025-08-06 15:12:08 [main] INFO  o.a.catalina.core.StandardService - Starting service [Tomcat]
2025-08-06 15:12:08 [main] INFO  o.a.catalina.core.StandardEngine - Starting Servlet engine: [Apache Tomcat/9.0.17]
2025-08-06 15:12:08 [main] INFO  o.a.c.c.C.[Tomcat].[localhost].[/] - Initializing Spring embedded WebApplicationContext
2025-08-06 15:12:08 [main] INFO  o.s.web.context.ContextLoader - Root WebApplicationContext: initialization completed in 1026 ms
2025-08-06 15:12:09 [main] INFO  o.s.s.c.ThreadPoolTaskExecutor - Initializing ExecutorService 'applicationTaskExecutor'
2025-08-06 15:12:09 [main] INFO  o.s.s.c.ThreadPoolTaskScheduler - Initializing ExecutorService 'taskScheduler'
2025-08-06 15:12:09 [main] INFO  o.s.i.endpoint.EventDrivenConsumer - Adding {logging-channel-adapter:_org.springframework.integration.errorLogger} as a subscriber to the 'errorChannel' channel
2025-08-06 15:12:09 [main] INFO  o.s.i.c.PublishSubscribeChannel - Channel 'application.errorChannel' has 1 subscriber(s).
2025-08-06 15:12:09 [main] INFO  o.s.i.endpoint.EventDrivenConsumer - started _org.springframework.integration.errorLogger
2025-08-06 15:12:09 [main] INFO  o.a.coyote.http11.Http11NioProtocol - Starting ProtocolHandler ["http-nio-8888"]
2025-08-06 15:12:09 [main] INFO  o.s.b.w.e.tomcat.TomcatWebServer - Tomcat started on port(s): 8888 (http) with context path ''
2025-08-06 15:12:09 [main] INFO  c.e.AccessSpringBootApplication - Started AccessSpringBootApplication in 2.462 seconds (JVM running for 3.066)
2025-08-06 15:12:15 [http-nio-8888-exec-1] INFO  o.a.c.c.C.[Tomcat].[localhost].[/] - Initializing Spring DispatcherServlet 'dispatcherServlet'
2025-08-06 15:12:15 [http-nio-8888-exec-1] INFO  o.s.web.servlet.DispatcherServlet - Initializing Servlet 'dispatcherServlet'
2025-08-06 15:12:15 [http-nio-8888-exec-1] INFO  o.s.web.servlet.DispatcherServlet - Completed initialization in 5 ms
2025-08-06 15:12:15 [http-nio-8888-exec-1] INFO  com.example.mqtt.MQTTServer - 连接成功
2025-08-06 15:12:15 [http-nio-8888-exec-1] INFO  com.example.mqtt.MQTTServer - 发布消息状态：true
2025-08-06 15:15:00 [task-1] INFO  io.lettuce.core.EpollProvider - Starting without optional epoll library
2025-08-06 15:15:00 [task-1] INFO  io.lettuce.core.KqueueProvider - Starting without optional kqueue library
2025-08-06 15:15:02 [task-1] ERROR o.s.a.i.SimpleAsyncUncaughtExceptionHandler - Unexpected exception occurred invoking async method: public void com.example.task.ScaleRedisTask.push()
org.springframework.data.redis.RedisConnectionFailureException: Unable to connect to Redis; nested exception is io.lettuce.core.RedisConnectionException: Unable to connect to 127.0.0.1:6379
	at org.springframework.data.redis.connection.lettuce.LettuceConnectionFactory$SharedConnection.getNativeConnection(LettuceConnectionFactory.java:1111)
	at org.springframework.data.redis.connection.lettuce.LettuceConnectionFactory$SharedConnection.getConnection(LettuceConnectionFactory.java:1084)
	at org.springframework.data.redis.connection.lettuce.LettuceConnectionFactory.getSharedConnection(LettuceConnectionFactory.java:866)
	at org.springframework.data.redis.connection.lettuce.LettuceConnectionFactory.getConnection(LettuceConnectionFactory.java:341)
	at org.springframework.data.redis.core.RedisConnectionUtils.doGetConnection(RedisConnectionUtils.java:132)
	at org.springframework.data.redis.core.RedisConnectionUtils.getConnection(RedisConnectionUtils.java:95)
	at org.springframework.data.redis.core.RedisConnectionUtils.getConnection(RedisConnectionUtils.java:82)
	at org.springframework.data.redis.core.RedisTemplate.execute(RedisTemplate.java:211)
	at org.springframework.data.redis.core.RedisTemplate.execute(RedisTemplate.java:184)
	at org.springframework.data.redis.core.RedisTemplate.hasKey(RedisTemplate.java:769)
	at com.example.task.ScaleRedisTask.queryLastFiveIdList(ScaleRedisTask.java:184)
	at com.example.task.ScaleRedisTask.push(ScaleRedisTask.java:71)
	at com.example.task.ScaleRedisTask$$FastClassBySpringCGLIB$$afb5cdae.invoke(<generated>)
	at org.springframework.cglib.proxy.MethodProxy.invoke(MethodProxy.java:218)
	at org.springframework.aop.framework.CglibAopProxy$CglibMethodInvocation.invokeJoinpoint(CglibAopProxy.java:749)
	at org.springframework.aop.framework.ReflectiveMethodInvocation.proceed(ReflectiveMethodInvocation.java:163)
	at org.springframework.aop.interceptor.AsyncExecutionInterceptor.lambda$invoke$0(AsyncExecutionInterceptor.java:115)
	at java.util.concurrent.FutureTask.run$$$capture(FutureTask.java:266)
	at java.util.concurrent.FutureTask.run(FutureTask.java)
	at java.util.concurrent.ThreadPoolExecutor.runWorker(ThreadPoolExecutor.java:1149)
	at java.util.concurrent.ThreadPoolExecutor$Worker.run(ThreadPoolExecutor.java:624)
	at java.lang.Thread.run(Thread.java:748)
Caused by: io.lettuce.core.RedisConnectionException: Unable to connect to 127.0.0.1:6379
	at io.lettuce.core.RedisConnectionException.create(RedisConnectionException.java:78)
	at io.lettuce.core.RedisConnectionException.create(RedisConnectionException.java:56)
	at io.lettuce.core.AbstractRedisClient.getConnection(AbstractRedisClient.java:235)
	at io.lettuce.core.RedisClient.connect(RedisClient.java:204)
	at org.springframework.data.redis.connection.lettuce.StandaloneConnectionProvider.lambda$getConnection$1(StandaloneConnectionProvider.java:113)
	at java.util.Optional.orElseGet(Optional.java:267)
	at org.springframework.data.redis.connection.lettuce.StandaloneConnectionProvider.getConnection(StandaloneConnectionProvider.java:113)
	at org.springframework.data.redis.connection.lettuce.LettuceConnectionFactory$SharedConnection.getNativeConnection(LettuceConnectionFactory.java:1104)
	... 21 common frames omitted
Caused by: io.netty.channel.AbstractChannel$AnnotatedConnectException: Connection refused: no further information: /127.0.0.1:6379
	at sun.nio.ch.SocketChannelImpl.checkConnect(Native Method)
	at sun.nio.ch.SocketChannelImpl.finishConnect(SocketChannelImpl.java:717)
	at io.netty.channel.socket.nio.NioSocketChannel.doFinishConnect(NioSocketChannel.java:327)
	at io.netty.channel.nio.AbstractNioChannel$AbstractNioUnsafe.finishConnect(AbstractNioChannel.java:340)
	at io.netty.channel.nio.NioEventLoop.processSelectedKey(NioEventLoop.java:665)
	at io.netty.channel.nio.NioEventLoop.processSelectedKeysOptimized(NioEventLoop.java:612)
	at io.netty.channel.nio.NioEventLoop.processSelectedKeys(NioEventLoop.java:529)
	at io.netty.channel.nio.NioEventLoop.run(NioEventLoop.java:491)
	at io.netty.util.concurrent.SingleThreadEventExecutor$5.run(SingleThreadEventExecutor.java:905)
	at io.netty.util.concurrent.FastThreadLocalRunnable.run(FastThreadLocalRunnable.java:30)
	... 1 common frames omitted
Caused by: java.net.ConnectException: Connection refused: no further information
	... 11 common frames omitted
2025-08-06 15:20:02 [task-2] ERROR o.s.a.i.SimpleAsyncUncaughtExceptionHandler - Unexpected exception occurred invoking async method: public void com.example.task.ScaleRedisTask.push()
org.springframework.data.redis.RedisConnectionFailureException: Unable to connect to Redis; nested exception is io.lettuce.core.RedisConnectionException: Unable to connect to 127.0.0.1:6379
	at org.springframework.data.redis.connection.lettuce.LettuceConnectionFactory$SharedConnection.getNativeConnection(LettuceConnectionFactory.java:1111)
	at org.springframework.data.redis.connection.lettuce.LettuceConnectionFactory$SharedConnection.getConnection(LettuceConnectionFactory.java:1084)
	at org.springframework.data.redis.connection.lettuce.LettuceConnectionFactory.getSharedConnection(LettuceConnectionFactory.java:866)
	at org.springframework.data.redis.connection.lettuce.LettuceConnectionFactory.getConnection(LettuceConnectionFactory.java:341)
	at org.springframework.data.redis.core.RedisConnectionUtils.doGetConnection(RedisConnectionUtils.java:132)
	at org.springframework.data.redis.core.RedisConnectionUtils.getConnection(RedisConnectionUtils.java:95)
	at org.springframework.data.redis.core.RedisConnectionUtils.getConnection(RedisConnectionUtils.java:82)
	at org.springframework.data.redis.core.RedisTemplate.execute(RedisTemplate.java:211)
	at org.springframework.data.redis.core.RedisTemplate.execute(RedisTemplate.java:184)
	at org.springframework.data.redis.core.RedisTemplate.hasKey(RedisTemplate.java:769)
	at com.example.task.ScaleRedisTask.queryLastFiveIdList(ScaleRedisTask.java:184)
	at com.example.task.ScaleRedisTask.push(ScaleRedisTask.java:71)
	at com.example.task.ScaleRedisTask$$FastClassBySpringCGLIB$$afb5cdae.invoke(<generated>)
	at org.springframework.cglib.proxy.MethodProxy.invoke(MethodProxy.java:218)
	at org.springframework.aop.framework.CglibAopProxy$CglibMethodInvocation.invokeJoinpoint(CglibAopProxy.java:749)
	at org.springframework.aop.framework.ReflectiveMethodInvocation.proceed(ReflectiveMethodInvocation.java:163)
	at org.springframework.aop.interceptor.AsyncExecutionInterceptor.lambda$invoke$0(AsyncExecutionInterceptor.java:115)
	at java.util.concurrent.FutureTask.run$$$capture(FutureTask.java:266)
	at java.util.concurrent.FutureTask.run(FutureTask.java)
	at java.util.concurrent.ThreadPoolExecutor.runWorker(ThreadPoolExecutor.java:1149)
	at java.util.concurrent.ThreadPoolExecutor$Worker.run(ThreadPoolExecutor.java:624)
	at java.lang.Thread.run(Thread.java:748)
Caused by: io.lettuce.core.RedisConnectionException: Unable to connect to 127.0.0.1:6379
	at io.lettuce.core.RedisConnectionException.create(RedisConnectionException.java:78)
	at io.lettuce.core.RedisConnectionException.create(RedisConnectionException.java:56)
	at io.lettuce.core.AbstractRedisClient.getConnection(AbstractRedisClient.java:235)
	at io.lettuce.core.RedisClient.connect(RedisClient.java:204)
	at org.springframework.data.redis.connection.lettuce.StandaloneConnectionProvider.lambda$getConnection$1(StandaloneConnectionProvider.java:113)
	at java.util.Optional.orElseGet(Optional.java:267)
	at org.springframework.data.redis.connection.lettuce.StandaloneConnectionProvider.getConnection(StandaloneConnectionProvider.java:113)
	at org.springframework.data.redis.connection.lettuce.LettuceConnectionFactory$SharedConnection.getNativeConnection(LettuceConnectionFactory.java:1104)
	... 21 common frames omitted
Caused by: io.netty.channel.AbstractChannel$AnnotatedConnectException: Connection refused: no further information: /127.0.0.1:6379
	at sun.nio.ch.SocketChannelImpl.checkConnect(Native Method)
	at sun.nio.ch.SocketChannelImpl.finishConnect(SocketChannelImpl.java:717)
	at io.netty.channel.socket.nio.NioSocketChannel.doFinishConnect(NioSocketChannel.java:327)
	at io.netty.channel.nio.AbstractNioChannel$AbstractNioUnsafe.finishConnect(AbstractNioChannel.java:340)
	at io.netty.channel.nio.NioEventLoop.processSelectedKey(NioEventLoop.java:665)
	at io.netty.channel.nio.NioEventLoop.processSelectedKeysOptimized(NioEventLoop.java:612)
	at io.netty.channel.nio.NioEventLoop.processSelectedKeys(NioEventLoop.java:529)
	at io.netty.channel.nio.NioEventLoop.run(NioEventLoop.java:491)
	at io.netty.util.concurrent.SingleThreadEventExecutor$5.run(SingleThreadEventExecutor.java:905)
	at io.netty.util.concurrent.FastThreadLocalRunnable.run(FastThreadLocalRunnable.java:30)
	... 1 common frames omitted
Caused by: java.net.ConnectException: Connection refused: no further information
	... 11 common frames omitted
2025-08-06 15:20:44 [Thread-7] INFO  o.s.i.endpoint.EventDrivenConsumer - Removing {logging-channel-adapter:_org.springframework.integration.errorLogger} as a subscriber to the 'errorChannel' channel
2025-08-06 15:20:44 [Thread-7] INFO  o.s.i.c.PublishSubscribeChannel - Channel 'application.errorChannel' has 0 subscriber(s).
2025-08-06 15:20:44 [Thread-7] INFO  o.s.i.endpoint.EventDrivenConsumer - stopped _org.springframework.integration.errorLogger
2025-08-06 15:20:44 [Thread-7] INFO  o.s.s.c.ThreadPoolTaskScheduler - Shutting down ExecutorService 'taskScheduler'
2025-08-06 15:20:44 [Thread-7] INFO  o.s.s.c.ThreadPoolTaskExecutor - Shutting down ExecutorService 'applicationTaskExecutor'
2025-08-06 15:30:33 [main] INFO  c.e.AccessSpringBootApplication - Starting AccessSpringBootApplication on DESKTOP-K0VJFS9 with PID 25264 (E:\private\access_simple_master\target\classes started by Administrator in E:\private\access_simple_master)
2025-08-06 15:30:33 [main] INFO  c.e.AccessSpringBootApplication - The following profiles are active: prod
2025-08-06 15:30:33 [main] INFO  o.s.d.r.c.RepositoryConfigurationDelegate - Multiple Spring Data modules found, entering strict repository configuration mode!
2025-08-06 15:30:33 [main] INFO  o.s.d.r.c.RepositoryConfigurationDelegate - Bootstrapping Spring Data repositories in DEFAULT mode.
2025-08-06 15:30:33 [main] INFO  o.s.d.r.c.RepositoryConfigurationDelegate - Finished Spring Data repository scanning in 11ms. Found 0 repository interfaces.
2025-08-06 15:30:33 [main] INFO  o.s.i.c.DefaultConfiguringBeanFactoryPostProcessor - No bean named 'errorChannel' has been explicitly defined. Therefore, a default PublishSubscribeChannel will be created.
2025-08-06 15:30:33 [main] INFO  o.s.i.c.DefaultConfiguringBeanFactoryPostProcessor - No bean named 'integrationHeaderChannelRegistry' has been explicitly defined. Therefore, a default DefaultHeaderChannelRegistry will be created.
2025-08-06 15:30:34 [main] INFO  o.s.c.s.PostProcessorRegistrationDelegate$BeanPostProcessorChecker - Bean 'org.springframework.transaction.annotation.ProxyTransactionManagementConfiguration' of type [org.springframework.transaction.annotation.ProxyTransactionManagementConfiguration$$EnhancerBySpringCGLIB$$e1654841] is not eligible for getting processed by all BeanPostProcessors (for example: not eligible for auto-proxying)
2025-08-06 15:30:34 [main] INFO  o.s.c.s.PostProcessorRegistrationDelegate$BeanPostProcessorChecker - Bean 'org.springframework.integration.config.IntegrationManagementConfiguration' of type [org.springframework.integration.config.IntegrationManagementConfiguration$$EnhancerBySpringCGLIB$$4c570370] is not eligible for getting processed by all BeanPostProcessors (for example: not eligible for auto-proxying)
2025-08-06 15:30:34 [main] INFO  o.s.c.s.PostProcessorRegistrationDelegate$BeanPostProcessorChecker - Bean 'integrationDisposableAutoCreatedBeans' of type [org.springframework.integration.config.annotation.Disposables] is not eligible for getting processed by all BeanPostProcessors (for example: not eligible for auto-proxying)
2025-08-06 15:30:34 [main] INFO  o.s.b.w.e.tomcat.TomcatWebServer - Tomcat initialized with port(s): 8888 (http)
2025-08-06 15:30:34 [main] INFO  o.a.coyote.http11.Http11NioProtocol - Initializing ProtocolHandler ["http-nio-8888"]
2025-08-06 15:30:34 [main] INFO  o.a.catalina.core.StandardService - Starting service [Tomcat]
2025-08-06 15:30:34 [main] INFO  o.a.catalina.core.StandardEngine - Starting Servlet engine: [Apache Tomcat/9.0.17]
2025-08-06 15:30:34 [main] INFO  o.a.c.c.C.[Tomcat].[localhost].[/] - Initializing Spring embedded WebApplicationContext
2025-08-06 15:30:34 [main] INFO  o.s.web.context.ContextLoader - Root WebApplicationContext: initialization completed in 1130 ms
2025-08-06 15:30:35 [main] INFO  o.s.s.c.ThreadPoolTaskExecutor - Initializing ExecutorService 'applicationTaskExecutor'
2025-08-06 15:30:35 [main] INFO  o.s.s.c.ThreadPoolTaskScheduler - Initializing ExecutorService 'taskScheduler'
2025-08-06 15:30:35 [main] INFO  o.s.i.endpoint.EventDrivenConsumer - Adding {logging-channel-adapter:_org.springframework.integration.errorLogger} as a subscriber to the 'errorChannel' channel
2025-08-06 15:30:35 [main] INFO  o.s.i.c.PublishSubscribeChannel - Channel 'application.errorChannel' has 1 subscriber(s).
2025-08-06 15:30:35 [main] INFO  o.s.i.endpoint.EventDrivenConsumer - started _org.springframework.integration.errorLogger
2025-08-06 15:30:35 [main] INFO  o.a.coyote.http11.Http11NioProtocol - Starting ProtocolHandler ["http-nio-8888"]
2025-08-06 15:30:35 [main] INFO  o.s.b.w.e.tomcat.TomcatWebServer - Tomcat started on port(s): 8888 (http) with context path ''
2025-08-06 15:30:35 [main] INFO  c.e.AccessSpringBootApplication - Started AccessSpringBootApplication in 2.599 seconds (JVM running for 3.133)
2025-08-06 15:30:52 [http-nio-8888-exec-1] INFO  o.a.c.c.C.[Tomcat].[localhost].[/] - Initializing Spring DispatcherServlet 'dispatcherServlet'
2025-08-06 15:30:52 [http-nio-8888-exec-1] INFO  o.s.web.servlet.DispatcherServlet - Initializing Servlet 'dispatcherServlet'
2025-08-06 15:30:52 [http-nio-8888-exec-1] INFO  o.s.web.servlet.DispatcherServlet - Completed initialization in 5 ms
2025-08-06 15:30:52 [http-nio-8888-exec-1] ERROR com.example.mqtt.MQTTServer - 发送消息失败
java.lang.IllegalArgumentException: mqtt://117.14.55.74:18830
	at org.eclipse.paho.client.mqttv3.MqttConnectOptions.validateURI(MqttConnectOptions.java:552)
	at org.eclipse.paho.client.mqttv3.MqttAsyncClient.<init>(MqttAsyncClient.java:463)
	at org.eclipse.paho.client.mqttv3.MqttAsyncClient.<init>(MqttAsyncClient.java:328)
	at org.eclipse.paho.client.mqttv3.MqttAsyncClient.<init>(MqttAsyncClient.java:323)
	at org.eclipse.paho.client.mqttv3.MqttClient.<init>(MqttClient.java:229)
	at com.example.mqtt.MQTTServer.publishConnect(MQTTServer.java:26)
	at com.example.mqtt.MQTTServer.sendMQTTMessage(MQTTServer.java:45)
	at com.example.mqtt.MQTTController.test(MQTTController.java:30)
	at sun.reflect.NativeMethodAccessorImpl.invoke0(Native Method)
	at sun.reflect.NativeMethodAccessorImpl.invoke(NativeMethodAccessorImpl.java:62)
	at sun.reflect.DelegatingMethodAccessorImpl.invoke(DelegatingMethodAccessorImpl.java:43)
	at java.lang.reflect.Method.invoke(Method.java:498)
	at org.springframework.web.method.support.InvocableHandlerMethod.doInvoke(InvocableHandlerMethod.java:189)
	at org.springframework.web.method.support.InvocableHandlerMethod.invokeForRequest(InvocableHandlerMethod.java:138)
	at org.springframework.web.servlet.mvc.method.annotation.ServletInvocableHandlerMethod.invokeAndHandle(ServletInvocableHandlerMethod.java:102)
	at org.springframework.web.servlet.mvc.method.annotation.RequestMappingHandlerAdapter.invokeHandlerMethod(RequestMappingHandlerAdapter.java:892)
	at org.springframework.web.servlet.mvc.method.annotation.RequestMappingHandlerAdapter.handleInternal(RequestMappingHandlerAdapter.java:797)
	at org.springframework.web.servlet.mvc.method.AbstractHandlerMethodAdapter.handle(AbstractHandlerMethodAdapter.java:87)
	at org.springframework.web.servlet.DispatcherServlet.doDispatch(DispatcherServlet.java:1038)
	at org.springframework.web.servlet.DispatcherServlet.doService(DispatcherServlet.java:942)
	at org.springframework.web.servlet.FrameworkServlet.processRequest(FrameworkServlet.java:1005)
	at org.springframework.web.servlet.FrameworkServlet.doGet(FrameworkServlet.java:897)
	at javax.servlet.http.HttpServlet.service(HttpServlet.java:634)
	at org.springframework.web.servlet.FrameworkServlet.service(FrameworkServlet.java:882)
	at javax.servlet.http.HttpServlet.service(HttpServlet.java:741)
	at org.apache.catalina.core.ApplicationFilterChain.internalDoFilter(ApplicationFilterChain.java:231)
	at org.apache.catalina.core.ApplicationFilterChain.doFilter(ApplicationFilterChain.java:166)
	at org.apache.tomcat.websocket.server.WsFilter.doFilter(WsFilter.java:53)
	at org.apache.catalina.core.ApplicationFilterChain.internalDoFilter(ApplicationFilterChain.java:193)
	at org.apache.catalina.core.ApplicationFilterChain.doFilter(ApplicationFilterChain.java:166)
	at org.springframework.web.filter.RequestContextFilter.doFilterInternal(RequestContextFilter.java:99)
	at org.springframework.web.filter.OncePerRequestFilter.doFilter(OncePerRequestFilter.java:107)
	at org.apache.catalina.core.ApplicationFilterChain.internalDoFilter(ApplicationFilterChain.java:193)
	at org.apache.catalina.core.ApplicationFilterChain.doFilter(ApplicationFilterChain.java:166)
	at org.springframework.web.filter.FormContentFilter.doFilterInternal(FormContentFilter.java:92)
	at org.springframework.web.filter.OncePerRequestFilter.doFilter(OncePerRequestFilter.java:107)
	at org.apache.catalina.core.ApplicationFilterChain.internalDoFilter(ApplicationFilterChain.java:193)
	at org.apache.catalina.core.ApplicationFilterChain.doFilter(ApplicationFilterChain.java:166)
	at org.springframework.web.filter.HiddenHttpMethodFilter.doFilterInternal(HiddenHttpMethodFilter.java:93)
	at org.springframework.web.filter.OncePerRequestFilter.doFilter(OncePerRequestFilter.java:107)
	at org.apache.catalina.core.ApplicationFilterChain.internalDoFilter(ApplicationFilterChain.java:193)
	at org.apache.catalina.core.ApplicationFilterChain.doFilter(ApplicationFilterChain.java:166)
	at org.springframework.web.filter.CharacterEncodingFilter.doFilterInternal(CharacterEncodingFilter.java:200)
	at org.springframework.web.filter.OncePerRequestFilter.doFilter(OncePerRequestFilter.java:107)
	at org.apache.catalina.core.ApplicationFilterChain.internalDoFilter(ApplicationFilterChain.java:193)
	at org.apache.catalina.core.ApplicationFilterChain.doFilter(ApplicationFilterChain.java:166)
	at org.apache.catalina.core.StandardWrapperValve.invoke(StandardWrapperValve.java:200)
	at org.apache.catalina.core.StandardContextValve.invoke(StandardContextValve.java:96)
	at org.apache.catalina.authenticator.AuthenticatorBase.invoke(AuthenticatorBase.java:490)
	at org.apache.catalina.core.StandardHostValve.invoke(StandardHostValve.java:139)
	at org.apache.catalina.valves.ErrorReportValve.invoke(ErrorReportValve.java:92)
	at org.apache.catalina.core.StandardEngineValve.invoke(StandardEngineValve.java:74)
	at org.apache.catalina.connector.CoyoteAdapter.service(CoyoteAdapter.java:343)
	at org.apache.coyote.http11.Http11Processor.service(Http11Processor.java:408)
	at org.apache.coyote.AbstractProcessorLight.process(AbstractProcessorLight.java:66)
	at org.apache.coyote.AbstractProtocol$ConnectionHandler.process(AbstractProtocol.java:834)
	at org.apache.tomcat.util.net.NioEndpoint$SocketProcessor.doRun(NioEndpoint.java:1415)
	at org.apache.tomcat.util.net.SocketProcessorBase.run(SocketProcessorBase.java:49)
	at java.util.concurrent.ThreadPoolExecutor.runWorker(ThreadPoolExecutor.java:1149)
	at java.util.concurrent.ThreadPoolExecutor$Worker.run(ThreadPoolExecutor.java:624)
	at org.apache.tomcat.util.threads.TaskThread$WrappingRunnable.run(TaskThread.java:61)
	at java.lang.Thread.run(Thread.java:748)
2025-08-06 15:31:00 [Thread-7] INFO  o.s.i.endpoint.EventDrivenConsumer - Removing {logging-channel-adapter:_org.springframework.integration.errorLogger} as a subscriber to the 'errorChannel' channel
2025-08-06 15:31:00 [Thread-7] INFO  o.s.i.c.PublishSubscribeChannel - Channel 'application.errorChannel' has 0 subscriber(s).
2025-08-06 15:31:00 [Thread-7] INFO  o.s.i.endpoint.EventDrivenConsumer - stopped _org.springframework.integration.errorLogger
2025-08-06 15:31:00 [Thread-7] INFO  o.s.s.c.ThreadPoolTaskScheduler - Shutting down ExecutorService 'taskScheduler'
2025-08-06 15:31:00 [Thread-7] INFO  o.s.s.c.ThreadPoolTaskExecutor - Shutting down ExecutorService 'applicationTaskExecutor'
2025-08-06 15:31:02 [main] INFO  c.e.AccessSpringBootApplication - Starting AccessSpringBootApplication on DESKTOP-K0VJFS9 with PID 17696 (E:\private\access_simple_master\target\classes started by Administrator in E:\private\access_simple_master)
2025-08-06 15:31:02 [main] INFO  c.e.AccessSpringBootApplication - The following profiles are active: prod
2025-08-06 15:31:03 [main] INFO  o.s.d.r.c.RepositoryConfigurationDelegate - Multiple Spring Data modules found, entering strict repository configuration mode!
2025-08-06 15:31:03 [main] INFO  o.s.d.r.c.RepositoryConfigurationDelegate - Bootstrapping Spring Data repositories in DEFAULT mode.
2025-08-06 15:31:03 [main] INFO  o.s.d.r.c.RepositoryConfigurationDelegate - Finished Spring Data repository scanning in 12ms. Found 0 repository interfaces.
2025-08-06 15:31:03 [main] INFO  o.s.i.c.DefaultConfiguringBeanFactoryPostProcessor - No bean named 'errorChannel' has been explicitly defined. Therefore, a default PublishSubscribeChannel will be created.
2025-08-06 15:31:03 [main] INFO  o.s.i.c.DefaultConfiguringBeanFactoryPostProcessor - No bean named 'integrationHeaderChannelRegistry' has been explicitly defined. Therefore, a default DefaultHeaderChannelRegistry will be created.
2025-08-06 15:31:03 [main] INFO  o.s.c.s.PostProcessorRegistrationDelegate$BeanPostProcessorChecker - Bean 'org.springframework.transaction.annotation.ProxyTransactionManagementConfiguration' of type [org.springframework.transaction.annotation.ProxyTransactionManagementConfiguration$$EnhancerBySpringCGLIB$$940d49ea] is not eligible for getting processed by all BeanPostProcessors (for example: not eligible for auto-proxying)
2025-08-06 15:31:03 [main] INFO  o.s.c.s.PostProcessorRegistrationDelegate$BeanPostProcessorChecker - Bean 'org.springframework.integration.config.IntegrationManagementConfiguration' of type [org.springframework.integration.config.IntegrationManagementConfiguration$$EnhancerBySpringCGLIB$$feff0519] is not eligible for getting processed by all BeanPostProcessors (for example: not eligible for auto-proxying)
2025-08-06 15:31:03 [main] INFO  o.s.c.s.PostProcessorRegistrationDelegate$BeanPostProcessorChecker - Bean 'integrationDisposableAutoCreatedBeans' of type [org.springframework.integration.config.annotation.Disposables] is not eligible for getting processed by all BeanPostProcessors (for example: not eligible for auto-proxying)
2025-08-06 15:31:04 [main] INFO  o.s.b.w.e.tomcat.TomcatWebServer - Tomcat initialized with port(s): 8888 (http)
2025-08-06 15:31:04 [main] INFO  o.a.coyote.http11.Http11NioProtocol - Initializing ProtocolHandler ["http-nio-8888"]
2025-08-06 15:31:04 [main] INFO  o.a.catalina.core.StandardService - Starting service [Tomcat]
2025-08-06 15:31:04 [main] INFO  o.a.catalina.core.StandardEngine - Starting Servlet engine: [Apache Tomcat/9.0.17]
2025-08-06 15:31:04 [main] INFO  o.a.c.c.C.[Tomcat].[localhost].[/] - Initializing Spring embedded WebApplicationContext
2025-08-06 15:31:04 [main] INFO  o.s.web.context.ContextLoader - Root WebApplicationContext: initialization completed in 1079 ms
2025-08-06 15:31:04 [main] INFO  o.s.s.c.ThreadPoolTaskExecutor - Initializing ExecutorService 'applicationTaskExecutor'
2025-08-06 15:31:04 [main] INFO  o.s.s.c.ThreadPoolTaskScheduler - Initializing ExecutorService 'taskScheduler'
2025-08-06 15:31:05 [main] INFO  o.s.i.endpoint.EventDrivenConsumer - Adding {logging-channel-adapter:_org.springframework.integration.errorLogger} as a subscriber to the 'errorChannel' channel
2025-08-06 15:31:05 [main] INFO  o.s.i.c.PublishSubscribeChannel - Channel 'application.errorChannel' has 1 subscriber(s).
2025-08-06 15:31:05 [main] INFO  o.s.i.endpoint.EventDrivenConsumer - started _org.springframework.integration.errorLogger
2025-08-06 15:31:05 [main] INFO  o.a.coyote.http11.Http11NioProtocol - Starting ProtocolHandler ["http-nio-8888"]
2025-08-06 15:31:05 [main] INFO  o.s.b.w.e.tomcat.TomcatWebServer - Tomcat started on port(s): 8888 (http) with context path ''
2025-08-06 15:31:05 [main] INFO  c.e.AccessSpringBootApplication - Started AccessSpringBootApplication in 2.506 seconds (JVM running for 3.062)
2025-08-06 15:31:08 [http-nio-8888-exec-1] INFO  o.a.c.c.C.[Tomcat].[localhost].[/] - Initializing Spring DispatcherServlet 'dispatcherServlet'
2025-08-06 15:31:08 [http-nio-8888-exec-1] INFO  o.s.web.servlet.DispatcherServlet - Initializing Servlet 'dispatcherServlet'
2025-08-06 15:31:08 [http-nio-8888-exec-1] INFO  o.s.web.servlet.DispatcherServlet - Completed initialization in 5 ms
2025-08-06 15:31:08 [http-nio-8888-exec-1] ERROR com.example.mqtt.MQTTServer - 发送消息失败
java.lang.IllegalArgumentException: mqtts://117.14.55.74:18830
	at org.eclipse.paho.client.mqttv3.MqttConnectOptions.validateURI(MqttConnectOptions.java:552)
	at org.eclipse.paho.client.mqttv3.MqttAsyncClient.<init>(MqttAsyncClient.java:463)
	at org.eclipse.paho.client.mqttv3.MqttAsyncClient.<init>(MqttAsyncClient.java:328)
	at org.eclipse.paho.client.mqttv3.MqttAsyncClient.<init>(MqttAsyncClient.java:323)
	at org.eclipse.paho.client.mqttv3.MqttClient.<init>(MqttClient.java:229)
	at com.example.mqtt.MQTTServer.publishConnect(MQTTServer.java:26)
	at com.example.mqtt.MQTTServer.sendMQTTMessage(MQTTServer.java:45)
	at com.example.mqtt.MQTTController.test(MQTTController.java:30)
	at sun.reflect.NativeMethodAccessorImpl.invoke0(Native Method)
	at sun.reflect.NativeMethodAccessorImpl.invoke(NativeMethodAccessorImpl.java:62)
	at sun.reflect.DelegatingMethodAccessorImpl.invoke(DelegatingMethodAccessorImpl.java:43)
	at java.lang.reflect.Method.invoke(Method.java:498)
	at org.springframework.web.method.support.InvocableHandlerMethod.doInvoke(InvocableHandlerMethod.java:189)
	at org.springframework.web.method.support.InvocableHandlerMethod.invokeForRequest(InvocableHandlerMethod.java:138)
	at org.springframework.web.servlet.mvc.method.annotation.ServletInvocableHandlerMethod.invokeAndHandle(ServletInvocableHandlerMethod.java:102)
	at org.springframework.web.servlet.mvc.method.annotation.RequestMappingHandlerAdapter.invokeHandlerMethod(RequestMappingHandlerAdapter.java:892)
	at org.springframework.web.servlet.mvc.method.annotation.RequestMappingHandlerAdapter.handleInternal(RequestMappingHandlerAdapter.java:797)
	at org.springframework.web.servlet.mvc.method.AbstractHandlerMethodAdapter.handle(AbstractHandlerMethodAdapter.java:87)
	at org.springframework.web.servlet.DispatcherServlet.doDispatch(DispatcherServlet.java:1038)
	at org.springframework.web.servlet.DispatcherServlet.doService(DispatcherServlet.java:942)
	at org.springframework.web.servlet.FrameworkServlet.processRequest(FrameworkServlet.java:1005)
	at org.springframework.web.servlet.FrameworkServlet.doGet(FrameworkServlet.java:897)
	at javax.servlet.http.HttpServlet.service(HttpServlet.java:634)
	at org.springframework.web.servlet.FrameworkServlet.service(FrameworkServlet.java:882)
	at javax.servlet.http.HttpServlet.service(HttpServlet.java:741)
	at org.apache.catalina.core.ApplicationFilterChain.internalDoFilter(ApplicationFilterChain.java:231)
	at org.apache.catalina.core.ApplicationFilterChain.doFilter(ApplicationFilterChain.java:166)
	at org.apache.tomcat.websocket.server.WsFilter.doFilter(WsFilter.java:53)
	at org.apache.catalina.core.ApplicationFilterChain.internalDoFilter(ApplicationFilterChain.java:193)
	at org.apache.catalina.core.ApplicationFilterChain.doFilter(ApplicationFilterChain.java:166)
	at org.springframework.web.filter.RequestContextFilter.doFilterInternal(RequestContextFilter.java:99)
	at org.springframework.web.filter.OncePerRequestFilter.doFilter(OncePerRequestFilter.java:107)
	at org.apache.catalina.core.ApplicationFilterChain.internalDoFilter(ApplicationFilterChain.java:193)
	at org.apache.catalina.core.ApplicationFilterChain.doFilter(ApplicationFilterChain.java:166)
	at org.springframework.web.filter.FormContentFilter.doFilterInternal(FormContentFilter.java:92)
	at org.springframework.web.filter.OncePerRequestFilter.doFilter(OncePerRequestFilter.java:107)
	at org.apache.catalina.core.ApplicationFilterChain.internalDoFilter(ApplicationFilterChain.java:193)
	at org.apache.catalina.core.ApplicationFilterChain.doFilter(ApplicationFilterChain.java:166)
	at org.springframework.web.filter.HiddenHttpMethodFilter.doFilterInternal(HiddenHttpMethodFilter.java:93)
	at org.springframework.web.filter.OncePerRequestFilter.doFilter(OncePerRequestFilter.java:107)
	at org.apache.catalina.core.ApplicationFilterChain.internalDoFilter(ApplicationFilterChain.java:193)
	at org.apache.catalina.core.ApplicationFilterChain.doFilter(ApplicationFilterChain.java:166)
	at org.springframework.web.filter.CharacterEncodingFilter.doFilterInternal(CharacterEncodingFilter.java:200)
	at org.springframework.web.filter.OncePerRequestFilter.doFilter(OncePerRequestFilter.java:107)
	at org.apache.catalina.core.ApplicationFilterChain.internalDoFilter(ApplicationFilterChain.java:193)
	at org.apache.catalina.core.ApplicationFilterChain.doFilter(ApplicationFilterChain.java:166)
	at org.apache.catalina.core.StandardWrapperValve.invoke(StandardWrapperValve.java:200)
	at org.apache.catalina.core.StandardContextValve.invoke(StandardContextValve.java:96)
	at org.apache.catalina.authenticator.AuthenticatorBase.invoke(AuthenticatorBase.java:490)
	at org.apache.catalina.core.StandardHostValve.invoke(StandardHostValve.java:139)
	at org.apache.catalina.valves.ErrorReportValve.invoke(ErrorReportValve.java:92)
	at org.apache.catalina.core.StandardEngineValve.invoke(StandardEngineValve.java:74)
	at org.apache.catalina.connector.CoyoteAdapter.service(CoyoteAdapter.java:343)
	at org.apache.coyote.http11.Http11Processor.service(Http11Processor.java:408)
	at org.apache.coyote.AbstractProcessorLight.process(AbstractProcessorLight.java:66)
	at org.apache.coyote.AbstractProtocol$ConnectionHandler.process(AbstractProtocol.java:834)
	at org.apache.tomcat.util.net.NioEndpoint$SocketProcessor.doRun(NioEndpoint.java:1415)
	at org.apache.tomcat.util.net.SocketProcessorBase.run(SocketProcessorBase.java:49)
	at java.util.concurrent.ThreadPoolExecutor.runWorker(ThreadPoolExecutor.java:1149)
	at java.util.concurrent.ThreadPoolExecutor$Worker.run(ThreadPoolExecutor.java:624)
	at org.apache.tomcat.util.threads.TaskThread$WrappingRunnable.run(TaskThread.java:61)
	at java.lang.Thread.run(Thread.java:748)
2025-08-06 15:31:37 [Thread-7] INFO  o.s.i.endpoint.EventDrivenConsumer - Removing {logging-channel-adapter:_org.springframework.integration.errorLogger} as a subscriber to the 'errorChannel' channel
2025-08-06 15:31:37 [Thread-7] INFO  o.s.i.c.PublishSubscribeChannel - Channel 'application.errorChannel' has 0 subscriber(s).
2025-08-06 15:31:37 [Thread-7] INFO  o.s.i.endpoint.EventDrivenConsumer - stopped _org.springframework.integration.errorLogger
2025-08-06 15:31:37 [Thread-7] INFO  o.s.s.c.ThreadPoolTaskScheduler - Shutting down ExecutorService 'taskScheduler'
2025-08-06 15:31:37 [Thread-7] INFO  o.s.s.c.ThreadPoolTaskExecutor - Shutting down ExecutorService 'applicationTaskExecutor'
2025-08-06 15:31:41 [main] INFO  c.e.AccessSpringBootApplication - Starting AccessSpringBootApplication on DESKTOP-K0VJFS9 with PID 27172 (E:\private\access_simple_master\target\classes started by Administrator in E:\private\access_simple_master)
2025-08-06 15:31:41 [main] INFO  c.e.AccessSpringBootApplication - The following profiles are active: prod
2025-08-06 15:31:41 [main] INFO  o.s.d.r.c.RepositoryConfigurationDelegate - Multiple Spring Data modules found, entering strict repository configuration mode!
2025-08-06 15:31:41 [main] INFO  o.s.d.r.c.RepositoryConfigurationDelegate - Bootstrapping Spring Data repositories in DEFAULT mode.
2025-08-06 15:31:41 [main] INFO  o.s.d.r.c.RepositoryConfigurationDelegate - Finished Spring Data repository scanning in 11ms. Found 0 repository interfaces.
2025-08-06 15:31:41 [main] INFO  o.s.i.c.DefaultConfiguringBeanFactoryPostProcessor - No bean named 'errorChannel' has been explicitly defined. Therefore, a default PublishSubscribeChannel will be created.
2025-08-06 15:31:41 [main] INFO  o.s.i.c.DefaultConfiguringBeanFactoryPostProcessor - No bean named 'integrationHeaderChannelRegistry' has been explicitly defined. Therefore, a default DefaultHeaderChannelRegistry will be created.
2025-08-06 15:31:41 [main] INFO  o.s.c.s.PostProcessorRegistrationDelegate$BeanPostProcessorChecker - Bean 'org.springframework.transaction.annotation.ProxyTransactionManagementConfiguration' of type [org.springframework.transaction.annotation.ProxyTransactionManagementConfiguration$$EnhancerBySpringCGLIB$$cf9d3eea] is not eligible for getting processed by all BeanPostProcessors (for example: not eligible for auto-proxying)
2025-08-06 15:31:41 [main] INFO  o.s.c.s.PostProcessorRegistrationDelegate$BeanPostProcessorChecker - Bean 'org.springframework.integration.config.IntegrationManagementConfiguration' of type [org.springframework.integration.config.IntegrationManagementConfiguration$$EnhancerBySpringCGLIB$$3a8efa19] is not eligible for getting processed by all BeanPostProcessors (for example: not eligible for auto-proxying)
2025-08-06 15:31:41 [main] INFO  o.s.c.s.PostProcessorRegistrationDelegate$BeanPostProcessorChecker - Bean 'integrationDisposableAutoCreatedBeans' of type [org.springframework.integration.config.annotation.Disposables] is not eligible for getting processed by all BeanPostProcessors (for example: not eligible for auto-proxying)
2025-08-06 15:31:42 [main] INFO  o.s.b.w.e.tomcat.TomcatWebServer - Tomcat initialized with port(s): 8888 (http)
2025-08-06 15:31:42 [main] INFO  o.a.coyote.http11.Http11NioProtocol - Initializing ProtocolHandler ["http-nio-8888"]
2025-08-06 15:31:42 [main] INFO  o.a.catalina.core.StandardService - Starting service [Tomcat]
2025-08-06 15:31:42 [main] INFO  o.a.catalina.core.StandardEngine - Starting Servlet engine: [Apache Tomcat/9.0.17]
2025-08-06 15:31:42 [main] INFO  o.a.c.c.C.[Tomcat].[localhost].[/] - Initializing Spring embedded WebApplicationContext
2025-08-06 15:31:42 [main] INFO  o.s.web.context.ContextLoader - Root WebApplicationContext: initialization completed in 1089 ms
2025-08-06 15:31:42 [main] INFO  o.s.s.c.ThreadPoolTaskExecutor - Initializing ExecutorService 'applicationTaskExecutor'
2025-08-06 15:31:43 [main] INFO  o.s.s.c.ThreadPoolTaskScheduler - Initializing ExecutorService 'taskScheduler'
2025-08-06 15:31:43 [main] INFO  o.s.i.endpoint.EventDrivenConsumer - Adding {logging-channel-adapter:_org.springframework.integration.errorLogger} as a subscriber to the 'errorChannel' channel
2025-08-06 15:31:43 [main] INFO  o.s.i.c.PublishSubscribeChannel - Channel 'application.errorChannel' has 1 subscriber(s).
2025-08-06 15:31:43 [main] INFO  o.s.i.endpoint.EventDrivenConsumer - started _org.springframework.integration.errorLogger
2025-08-06 15:31:43 [main] INFO  o.a.coyote.http11.Http11NioProtocol - Starting ProtocolHandler ["http-nio-8888"]
2025-08-06 15:31:43 [main] INFO  o.s.b.w.e.tomcat.TomcatWebServer - Tomcat started on port(s): 8888 (http) with context path ''
2025-08-06 15:31:43 [main] INFO  c.e.AccessSpringBootApplication - Started AccessSpringBootApplication in 2.505 seconds (JVM running for 3.008)
2025-08-06 15:31:48 [http-nio-8888-exec-1] INFO  o.a.c.c.C.[Tomcat].[localhost].[/] - Initializing Spring DispatcherServlet 'dispatcherServlet'
2025-08-06 15:31:48 [http-nio-8888-exec-1] INFO  o.s.web.servlet.DispatcherServlet - Initializing Servlet 'dispatcherServlet'
2025-08-06 15:31:48 [http-nio-8888-exec-1] INFO  o.s.web.servlet.DispatcherServlet - Completed initialization in 7 ms
2025-08-06 15:31:48 [http-nio-8888-exec-1] INFO  com.example.mqtt.MQTTServer - 连接成功
2025-08-06 15:31:48 [http-nio-8888-exec-1] INFO  com.example.mqtt.MQTTServer - 发布消息状态：true
2025-08-06 15:35:00 [task-1] INFO  io.lettuce.core.EpollProvider - Starting without optional epoll library
2025-08-06 15:35:00 [task-1] INFO  io.lettuce.core.KqueueProvider - Starting without optional kqueue library
2025-08-06 15:35:02 [task-1] ERROR o.s.a.i.SimpleAsyncUncaughtExceptionHandler - Unexpected exception occurred invoking async method: public void com.example.task.ScaleRedisTask.push()
org.springframework.data.redis.RedisConnectionFailureException: Unable to connect to Redis; nested exception is io.lettuce.core.RedisConnectionException: Unable to connect to 127.0.0.1:6379
	at org.springframework.data.redis.connection.lettuce.LettuceConnectionFactory$SharedConnection.getNativeConnection(LettuceConnectionFactory.java:1111)
	at org.springframework.data.redis.connection.lettuce.LettuceConnectionFactory$SharedConnection.getConnection(LettuceConnectionFactory.java:1084)
	at org.springframework.data.redis.connection.lettuce.LettuceConnectionFactory.getSharedConnection(LettuceConnectionFactory.java:866)
	at org.springframework.data.redis.connection.lettuce.LettuceConnectionFactory.getConnection(LettuceConnectionFactory.java:341)
	at org.springframework.data.redis.core.RedisConnectionUtils.doGetConnection(RedisConnectionUtils.java:132)
	at org.springframework.data.redis.core.RedisConnectionUtils.getConnection(RedisConnectionUtils.java:95)
	at org.springframework.data.redis.core.RedisConnectionUtils.getConnection(RedisConnectionUtils.java:82)
	at org.springframework.data.redis.core.RedisTemplate.execute(RedisTemplate.java:211)
	at org.springframework.data.redis.core.RedisTemplate.execute(RedisTemplate.java:184)
	at org.springframework.data.redis.core.RedisTemplate.hasKey(RedisTemplate.java:769)
	at com.example.task.ScaleRedisTask.queryLastFiveIdList(ScaleRedisTask.java:184)
	at com.example.task.ScaleRedisTask.push(ScaleRedisTask.java:71)
	at com.example.task.ScaleRedisTask$$FastClassBySpringCGLIB$$afb5cdae.invoke(<generated>)
	at org.springframework.cglib.proxy.MethodProxy.invoke(MethodProxy.java:218)
	at org.springframework.aop.framework.CglibAopProxy$CglibMethodInvocation.invokeJoinpoint(CglibAopProxy.java:749)
	at org.springframework.aop.framework.ReflectiveMethodInvocation.proceed(ReflectiveMethodInvocation.java:163)
	at org.springframework.aop.interceptor.AsyncExecutionInterceptor.lambda$invoke$0(AsyncExecutionInterceptor.java:115)
	at java.util.concurrent.FutureTask.run$$$capture(FutureTask.java:266)
	at java.util.concurrent.FutureTask.run(FutureTask.java)
	at java.util.concurrent.ThreadPoolExecutor.runWorker(ThreadPoolExecutor.java:1149)
	at java.util.concurrent.ThreadPoolExecutor$Worker.run(ThreadPoolExecutor.java:624)
	at java.lang.Thread.run(Thread.java:748)
Caused by: io.lettuce.core.RedisConnectionException: Unable to connect to 127.0.0.1:6379
	at io.lettuce.core.RedisConnectionException.create(RedisConnectionException.java:78)
	at io.lettuce.core.RedisConnectionException.create(RedisConnectionException.java:56)
	at io.lettuce.core.AbstractRedisClient.getConnection(AbstractRedisClient.java:235)
	at io.lettuce.core.RedisClient.connect(RedisClient.java:204)
	at org.springframework.data.redis.connection.lettuce.StandaloneConnectionProvider.lambda$getConnection$1(StandaloneConnectionProvider.java:113)
	at java.util.Optional.orElseGet(Optional.java:267)
	at org.springframework.data.redis.connection.lettuce.StandaloneConnectionProvider.getConnection(StandaloneConnectionProvider.java:113)
	at org.springframework.data.redis.connection.lettuce.LettuceConnectionFactory$SharedConnection.getNativeConnection(LettuceConnectionFactory.java:1104)
	... 21 common frames omitted
Caused by: io.netty.channel.AbstractChannel$AnnotatedConnectException: Connection refused: no further information: /127.0.0.1:6379
	at sun.nio.ch.SocketChannelImpl.checkConnect(Native Method)
	at sun.nio.ch.SocketChannelImpl.finishConnect(SocketChannelImpl.java:717)
	at io.netty.channel.socket.nio.NioSocketChannel.doFinishConnect(NioSocketChannel.java:327)
	at io.netty.channel.nio.AbstractNioChannel$AbstractNioUnsafe.finishConnect(AbstractNioChannel.java:340)
	at io.netty.channel.nio.NioEventLoop.processSelectedKey(NioEventLoop.java:665)
	at io.netty.channel.nio.NioEventLoop.processSelectedKeysOptimized(NioEventLoop.java:612)
	at io.netty.channel.nio.NioEventLoop.processSelectedKeys(NioEventLoop.java:529)
	at io.netty.channel.nio.NioEventLoop.run(NioEventLoop.java:491)
	at io.netty.util.concurrent.SingleThreadEventExecutor$5.run(SingleThreadEventExecutor.java:905)
	at io.netty.util.concurrent.FastThreadLocalRunnable.run(FastThreadLocalRunnable.java:30)
	... 1 common frames omitted
Caused by: java.net.ConnectException: Connection refused: no further information
	... 11 common frames omitted
2025-08-06 15:40:02 [task-2] ERROR o.s.a.i.SimpleAsyncUncaughtExceptionHandler - Unexpected exception occurred invoking async method: public void com.example.task.ScaleRedisTask.push()
org.springframework.data.redis.RedisConnectionFailureException: Unable to connect to Redis; nested exception is io.lettuce.core.RedisConnectionException: Unable to connect to 127.0.0.1:6379
	at org.springframework.data.redis.connection.lettuce.LettuceConnectionFactory$SharedConnection.getNativeConnection(LettuceConnectionFactory.java:1111)
	at org.springframework.data.redis.connection.lettuce.LettuceConnectionFactory$SharedConnection.getConnection(LettuceConnectionFactory.java:1084)
	at org.springframework.data.redis.connection.lettuce.LettuceConnectionFactory.getSharedConnection(LettuceConnectionFactory.java:866)
	at org.springframework.data.redis.connection.lettuce.LettuceConnectionFactory.getConnection(LettuceConnectionFactory.java:341)
	at org.springframework.data.redis.core.RedisConnectionUtils.doGetConnection(RedisConnectionUtils.java:132)
	at org.springframework.data.redis.core.RedisConnectionUtils.getConnection(RedisConnectionUtils.java:95)
	at org.springframework.data.redis.core.RedisConnectionUtils.getConnection(RedisConnectionUtils.java:82)
	at org.springframework.data.redis.core.RedisTemplate.execute(RedisTemplate.java:211)
	at org.springframework.data.redis.core.RedisTemplate.execute(RedisTemplate.java:184)
	at org.springframework.data.redis.core.RedisTemplate.hasKey(RedisTemplate.java:769)
	at com.example.task.ScaleRedisTask.queryLastFiveIdList(ScaleRedisTask.java:184)
	at com.example.task.ScaleRedisTask.push(ScaleRedisTask.java:71)
	at com.example.task.ScaleRedisTask$$FastClassBySpringCGLIB$$afb5cdae.invoke(<generated>)
	at org.springframework.cglib.proxy.MethodProxy.invoke(MethodProxy.java:218)
	at org.springframework.aop.framework.CglibAopProxy$CglibMethodInvocation.invokeJoinpoint(CglibAopProxy.java:749)
	at org.springframework.aop.framework.ReflectiveMethodInvocation.proceed(ReflectiveMethodInvocation.java:163)
	at org.springframework.aop.interceptor.AsyncExecutionInterceptor.lambda$invoke$0(AsyncExecutionInterceptor.java:115)
	at java.util.concurrent.FutureTask.run$$$capture(FutureTask.java:266)
	at java.util.concurrent.FutureTask.run(FutureTask.java)
	at java.util.concurrent.ThreadPoolExecutor.runWorker(ThreadPoolExecutor.java:1149)
	at java.util.concurrent.ThreadPoolExecutor$Worker.run(ThreadPoolExecutor.java:624)
	at java.lang.Thread.run(Thread.java:748)
Caused by: io.lettuce.core.RedisConnectionException: Unable to connect to 127.0.0.1:6379
	at io.lettuce.core.RedisConnectionException.create(RedisConnectionException.java:78)
	at io.lettuce.core.RedisConnectionException.create(RedisConnectionException.java:56)
	at io.lettuce.core.AbstractRedisClient.getConnection(AbstractRedisClient.java:235)
	at io.lettuce.core.RedisClient.connect(RedisClient.java:204)
	at org.springframework.data.redis.connection.lettuce.StandaloneConnectionProvider.lambda$getConnection$1(StandaloneConnectionProvider.java:113)
	at java.util.Optional.orElseGet(Optional.java:267)
	at org.springframework.data.redis.connection.lettuce.StandaloneConnectionProvider.getConnection(StandaloneConnectionProvider.java:113)
	at org.springframework.data.redis.connection.lettuce.LettuceConnectionFactory$SharedConnection.getNativeConnection(LettuceConnectionFactory.java:1104)
	... 21 common frames omitted
Caused by: io.netty.channel.AbstractChannel$AnnotatedConnectException: Connection refused: no further information: /127.0.0.1:6379
	at sun.nio.ch.SocketChannelImpl.checkConnect(Native Method)
	at sun.nio.ch.SocketChannelImpl.finishConnect(SocketChannelImpl.java:717)
	at io.netty.channel.socket.nio.NioSocketChannel.doFinishConnect(NioSocketChannel.java:327)
	at io.netty.channel.nio.AbstractNioChannel$AbstractNioUnsafe.finishConnect(AbstractNioChannel.java:340)
	at io.netty.channel.nio.NioEventLoop.processSelectedKey(NioEventLoop.java:665)
	at io.netty.channel.nio.NioEventLoop.processSelectedKeysOptimized(NioEventLoop.java:612)
	at io.netty.channel.nio.NioEventLoop.processSelectedKeys(NioEventLoop.java:529)
	at io.netty.channel.nio.NioEventLoop.run(NioEventLoop.java:491)
	at io.netty.util.concurrent.SingleThreadEventExecutor$5.run(SingleThreadEventExecutor.java:905)
	at io.netty.util.concurrent.FastThreadLocalRunnable.run(FastThreadLocalRunnable.java:30)
	... 1 common frames omitted
Caused by: java.net.ConnectException: Connection refused: no further information
	... 11 common frames omitted
2025-08-06 15:45:02 [task-3] ERROR o.s.a.i.SimpleAsyncUncaughtExceptionHandler - Unexpected exception occurred invoking async method: public void com.example.task.ScaleRedisTask.push()
org.springframework.data.redis.RedisConnectionFailureException: Unable to connect to Redis; nested exception is io.lettuce.core.RedisConnectionException: Unable to connect to 127.0.0.1:6379
	at org.springframework.data.redis.connection.lettuce.LettuceConnectionFactory$SharedConnection.getNativeConnection(LettuceConnectionFactory.java:1111)
	at org.springframework.data.redis.connection.lettuce.LettuceConnectionFactory$SharedConnection.getConnection(LettuceConnectionFactory.java:1084)
	at org.springframework.data.redis.connection.lettuce.LettuceConnectionFactory.getSharedConnection(LettuceConnectionFactory.java:866)
	at org.springframework.data.redis.connection.lettuce.LettuceConnectionFactory.getConnection(LettuceConnectionFactory.java:341)
	at org.springframework.data.redis.core.RedisConnectionUtils.doGetConnection(RedisConnectionUtils.java:132)
	at org.springframework.data.redis.core.RedisConnectionUtils.getConnection(RedisConnectionUtils.java:95)
	at org.springframework.data.redis.core.RedisConnectionUtils.getConnection(RedisConnectionUtils.java:82)
	at org.springframework.data.redis.core.RedisTemplate.execute(RedisTemplate.java:211)
	at org.springframework.data.redis.core.RedisTemplate.execute(RedisTemplate.java:184)
	at org.springframework.data.redis.core.RedisTemplate.hasKey(RedisTemplate.java:769)
	at com.example.task.ScaleRedisTask.queryLastFiveIdList(ScaleRedisTask.java:184)
	at com.example.task.ScaleRedisTask.push(ScaleRedisTask.java:71)
	at com.example.task.ScaleRedisTask$$FastClassBySpringCGLIB$$afb5cdae.invoke(<generated>)
	at org.springframework.cglib.proxy.MethodProxy.invoke(MethodProxy.java:218)
	at org.springframework.aop.framework.CglibAopProxy$CglibMethodInvocation.invokeJoinpoint(CglibAopProxy.java:749)
	at org.springframework.aop.framework.ReflectiveMethodInvocation.proceed(ReflectiveMethodInvocation.java:163)
	at org.springframework.aop.interceptor.AsyncExecutionInterceptor.lambda$invoke$0(AsyncExecutionInterceptor.java:115)
	at java.util.concurrent.FutureTask.run$$$capture(FutureTask.java:266)
	at java.util.concurrent.FutureTask.run(FutureTask.java)
	at java.util.concurrent.ThreadPoolExecutor.runWorker(ThreadPoolExecutor.java:1149)
	at java.util.concurrent.ThreadPoolExecutor$Worker.run(ThreadPoolExecutor.java:624)
	at java.lang.Thread.run(Thread.java:748)
Caused by: io.lettuce.core.RedisConnectionException: Unable to connect to 127.0.0.1:6379
	at io.lettuce.core.RedisConnectionException.create(RedisConnectionException.java:78)
	at io.lettuce.core.RedisConnectionException.create(RedisConnectionException.java:56)
	at io.lettuce.core.AbstractRedisClient.getConnection(AbstractRedisClient.java:235)
	at io.lettuce.core.RedisClient.connect(RedisClient.java:204)
	at org.springframework.data.redis.connection.lettuce.StandaloneConnectionProvider.lambda$getConnection$1(StandaloneConnectionProvider.java:113)
	at java.util.Optional.orElseGet(Optional.java:267)
	at org.springframework.data.redis.connection.lettuce.StandaloneConnectionProvider.getConnection(StandaloneConnectionProvider.java:113)
	at org.springframework.data.redis.connection.lettuce.LettuceConnectionFactory$SharedConnection.getNativeConnection(LettuceConnectionFactory.java:1104)
	... 21 common frames omitted
Caused by: io.netty.channel.AbstractChannel$AnnotatedConnectException: Connection refused: no further information: /127.0.0.1:6379
	at sun.nio.ch.SocketChannelImpl.checkConnect(Native Method)
	at sun.nio.ch.SocketChannelImpl.finishConnect(SocketChannelImpl.java:717)
	at io.netty.channel.socket.nio.NioSocketChannel.doFinishConnect(NioSocketChannel.java:327)
	at io.netty.channel.nio.AbstractNioChannel$AbstractNioUnsafe.finishConnect(AbstractNioChannel.java:340)
	at io.netty.channel.nio.NioEventLoop.processSelectedKey(NioEventLoop.java:665)
	at io.netty.channel.nio.NioEventLoop.processSelectedKeysOptimized(NioEventLoop.java:612)
	at io.netty.channel.nio.NioEventLoop.processSelectedKeys(NioEventLoop.java:529)
	at io.netty.channel.nio.NioEventLoop.run(NioEventLoop.java:491)
	at io.netty.util.concurrent.SingleThreadEventExecutor$5.run(SingleThreadEventExecutor.java:905)
	at io.netty.util.concurrent.FastThreadLocalRunnable.run(FastThreadLocalRunnable.java:30)
	... 1 common frames omitted
Caused by: java.net.ConnectException: Connection refused: no further information
	... 11 common frames omitted
2025-08-06 15:50:02 [task-4] ERROR o.s.a.i.SimpleAsyncUncaughtExceptionHandler - Unexpected exception occurred invoking async method: public void com.example.task.ScaleRedisTask.push()
org.springframework.data.redis.RedisConnectionFailureException: Unable to connect to Redis; nested exception is io.lettuce.core.RedisConnectionException: Unable to connect to 127.0.0.1:6379
	at org.springframework.data.redis.connection.lettuce.LettuceConnectionFactory$SharedConnection.getNativeConnection(LettuceConnectionFactory.java:1111)
	at org.springframework.data.redis.connection.lettuce.LettuceConnectionFactory$SharedConnection.getConnection(LettuceConnectionFactory.java:1084)
	at org.springframework.data.redis.connection.lettuce.LettuceConnectionFactory.getSharedConnection(LettuceConnectionFactory.java:866)
	at org.springframework.data.redis.connection.lettuce.LettuceConnectionFactory.getConnection(LettuceConnectionFactory.java:341)
	at org.springframework.data.redis.core.RedisConnectionUtils.doGetConnection(RedisConnectionUtils.java:132)
	at org.springframework.data.redis.core.RedisConnectionUtils.getConnection(RedisConnectionUtils.java:95)
	at org.springframework.data.redis.core.RedisConnectionUtils.getConnection(RedisConnectionUtils.java:82)
	at org.springframework.data.redis.core.RedisTemplate.execute(RedisTemplate.java:211)
	at org.springframework.data.redis.core.RedisTemplate.execute(RedisTemplate.java:184)
	at org.springframework.data.redis.core.RedisTemplate.hasKey(RedisTemplate.java:769)
	at com.example.task.ScaleRedisTask.queryLastFiveIdList(ScaleRedisTask.java:184)
	at com.example.task.ScaleRedisTask.push(ScaleRedisTask.java:71)
	at com.example.task.ScaleRedisTask$$FastClassBySpringCGLIB$$afb5cdae.invoke(<generated>)
	at org.springframework.cglib.proxy.MethodProxy.invoke(MethodProxy.java:218)
	at org.springframework.aop.framework.CglibAopProxy$CglibMethodInvocation.invokeJoinpoint(CglibAopProxy.java:749)
	at org.springframework.aop.framework.ReflectiveMethodInvocation.proceed(ReflectiveMethodInvocation.java:163)
	at org.springframework.aop.interceptor.AsyncExecutionInterceptor.lambda$invoke$0(AsyncExecutionInterceptor.java:115)
	at java.util.concurrent.FutureTask.run$$$capture(FutureTask.java:266)
	at java.util.concurrent.FutureTask.run(FutureTask.java)
	at java.util.concurrent.ThreadPoolExecutor.runWorker(ThreadPoolExecutor.java:1149)
	at java.util.concurrent.ThreadPoolExecutor$Worker.run(ThreadPoolExecutor.java:624)
	at java.lang.Thread.run(Thread.java:748)
Caused by: io.lettuce.core.RedisConnectionException: Unable to connect to 127.0.0.1:6379
	at io.lettuce.core.RedisConnectionException.create(RedisConnectionException.java:78)
	at io.lettuce.core.RedisConnectionException.create(RedisConnectionException.java:56)
	at io.lettuce.core.AbstractRedisClient.getConnection(AbstractRedisClient.java:235)
	at io.lettuce.core.RedisClient.connect(RedisClient.java:204)
	at org.springframework.data.redis.connection.lettuce.StandaloneConnectionProvider.lambda$getConnection$1(StandaloneConnectionProvider.java:113)
	at java.util.Optional.orElseGet(Optional.java:267)
	at org.springframework.data.redis.connection.lettuce.StandaloneConnectionProvider.getConnection(StandaloneConnectionProvider.java:113)
	at org.springframework.data.redis.connection.lettuce.LettuceConnectionFactory$SharedConnection.getNativeConnection(LettuceConnectionFactory.java:1104)
	... 21 common frames omitted
Caused by: io.netty.channel.AbstractChannel$AnnotatedConnectException: Connection refused: no further information: /127.0.0.1:6379
	at sun.nio.ch.SocketChannelImpl.checkConnect(Native Method)
	at sun.nio.ch.SocketChannelImpl.finishConnect(SocketChannelImpl.java:717)
	at io.netty.channel.socket.nio.NioSocketChannel.doFinishConnect(NioSocketChannel.java:327)
	at io.netty.channel.nio.AbstractNioChannel$AbstractNioUnsafe.finishConnect(AbstractNioChannel.java:340)
	at io.netty.channel.nio.NioEventLoop.processSelectedKey(NioEventLoop.java:665)
	at io.netty.channel.nio.NioEventLoop.processSelectedKeysOptimized(NioEventLoop.java:612)
	at io.netty.channel.nio.NioEventLoop.processSelectedKeys(NioEventLoop.java:529)
	at io.netty.channel.nio.NioEventLoop.run(NioEventLoop.java:491)
	at io.netty.util.concurrent.SingleThreadEventExecutor$5.run(SingleThreadEventExecutor.java:905)
	at io.netty.util.concurrent.FastThreadLocalRunnable.run(FastThreadLocalRunnable.java:30)
	... 1 common frames omitted
Caused by: java.net.ConnectException: Connection refused: no further information
	... 11 common frames omitted
2025-08-06 15:55:02 [task-5] ERROR o.s.a.i.SimpleAsyncUncaughtExceptionHandler - Unexpected exception occurred invoking async method: public void com.example.task.ScaleRedisTask.push()
org.springframework.data.redis.RedisConnectionFailureException: Unable to connect to Redis; nested exception is io.lettuce.core.RedisConnectionException: Unable to connect to 127.0.0.1:6379
	at org.springframework.data.redis.connection.lettuce.LettuceConnectionFactory$SharedConnection.getNativeConnection(LettuceConnectionFactory.java:1111)
	at org.springframework.data.redis.connection.lettuce.LettuceConnectionFactory$SharedConnection.getConnection(LettuceConnectionFactory.java:1084)
	at org.springframework.data.redis.connection.lettuce.LettuceConnectionFactory.getSharedConnection(LettuceConnectionFactory.java:866)
	at org.springframework.data.redis.connection.lettuce.LettuceConnectionFactory.getConnection(LettuceConnectionFactory.java:341)
	at org.springframework.data.redis.core.RedisConnectionUtils.doGetConnection(RedisConnectionUtils.java:132)
	at org.springframework.data.redis.core.RedisConnectionUtils.getConnection(RedisConnectionUtils.java:95)
	at org.springframework.data.redis.core.RedisConnectionUtils.getConnection(RedisConnectionUtils.java:82)
	at org.springframework.data.redis.core.RedisTemplate.execute(RedisTemplate.java:211)
	at org.springframework.data.redis.core.RedisTemplate.execute(RedisTemplate.java:184)
	at org.springframework.data.redis.core.RedisTemplate.hasKey(RedisTemplate.java:769)
	at com.example.task.ScaleRedisTask.queryLastFiveIdList(ScaleRedisTask.java:184)
	at com.example.task.ScaleRedisTask.push(ScaleRedisTask.java:71)
	at com.example.task.ScaleRedisTask$$FastClassBySpringCGLIB$$afb5cdae.invoke(<generated>)
	at org.springframework.cglib.proxy.MethodProxy.invoke(MethodProxy.java:218)
	at org.springframework.aop.framework.CglibAopProxy$CglibMethodInvocation.invokeJoinpoint(CglibAopProxy.java:749)
	at org.springframework.aop.framework.ReflectiveMethodInvocation.proceed(ReflectiveMethodInvocation.java:163)
	at org.springframework.aop.interceptor.AsyncExecutionInterceptor.lambda$invoke$0(AsyncExecutionInterceptor.java:115)
	at java.util.concurrent.FutureTask.run$$$capture(FutureTask.java:266)
	at java.util.concurrent.FutureTask.run(FutureTask.java)
	at java.util.concurrent.ThreadPoolExecutor.runWorker(ThreadPoolExecutor.java:1149)
	at java.util.concurrent.ThreadPoolExecutor$Worker.run(ThreadPoolExecutor.java:624)
	at java.lang.Thread.run(Thread.java:748)
Caused by: io.lettuce.core.RedisConnectionException: Unable to connect to 127.0.0.1:6379
	at io.lettuce.core.RedisConnectionException.create(RedisConnectionException.java:78)
	at io.lettuce.core.RedisConnectionException.create(RedisConnectionException.java:56)
	at io.lettuce.core.AbstractRedisClient.getConnection(AbstractRedisClient.java:235)
	at io.lettuce.core.RedisClient.connect(RedisClient.java:204)
	at org.springframework.data.redis.connection.lettuce.StandaloneConnectionProvider.lambda$getConnection$1(StandaloneConnectionProvider.java:113)
	at java.util.Optional.orElseGet(Optional.java:267)
	at org.springframework.data.redis.connection.lettuce.StandaloneConnectionProvider.getConnection(StandaloneConnectionProvider.java:113)
	at org.springframework.data.redis.connection.lettuce.LettuceConnectionFactory$SharedConnection.getNativeConnection(LettuceConnectionFactory.java:1104)
	... 21 common frames omitted
Caused by: io.netty.channel.AbstractChannel$AnnotatedConnectException: Connection refused: no further information: /127.0.0.1:6379
	at sun.nio.ch.SocketChannelImpl.checkConnect(Native Method)
	at sun.nio.ch.SocketChannelImpl.finishConnect(SocketChannelImpl.java:717)
	at io.netty.channel.socket.nio.NioSocketChannel.doFinishConnect(NioSocketChannel.java:327)
	at io.netty.channel.nio.AbstractNioChannel$AbstractNioUnsafe.finishConnect(AbstractNioChannel.java:340)
	at io.netty.channel.nio.NioEventLoop.processSelectedKey(NioEventLoop.java:665)
	at io.netty.channel.nio.NioEventLoop.processSelectedKeysOptimized(NioEventLoop.java:612)
	at io.netty.channel.nio.NioEventLoop.processSelectedKeys(NioEventLoop.java:529)
	at io.netty.channel.nio.NioEventLoop.run(NioEventLoop.java:491)
	at io.netty.util.concurrent.SingleThreadEventExecutor$5.run(SingleThreadEventExecutor.java:905)
	at io.netty.util.concurrent.FastThreadLocalRunnable.run(FastThreadLocalRunnable.java:30)
	... 1 common frames omitted
Caused by: java.net.ConnectException: Connection refused: no further information
	... 11 common frames omitted
2025-08-06 16:00:02 [task-6] ERROR o.s.a.i.SimpleAsyncUncaughtExceptionHandler - Unexpected exception occurred invoking async method: public void com.example.task.ScaleRedisTask.push()
org.springframework.data.redis.RedisConnectionFailureException: Unable to connect to Redis; nested exception is io.lettuce.core.RedisConnectionException: Unable to connect to 127.0.0.1:6379
	at org.springframework.data.redis.connection.lettuce.LettuceConnectionFactory$SharedConnection.getNativeConnection(LettuceConnectionFactory.java:1111)
	at org.springframework.data.redis.connection.lettuce.LettuceConnectionFactory$SharedConnection.getConnection(LettuceConnectionFactory.java:1084)
	at org.springframework.data.redis.connection.lettuce.LettuceConnectionFactory.getSharedConnection(LettuceConnectionFactory.java:866)
	at org.springframework.data.redis.connection.lettuce.LettuceConnectionFactory.getConnection(LettuceConnectionFactory.java:341)
	at org.springframework.data.redis.core.RedisConnectionUtils.doGetConnection(RedisConnectionUtils.java:132)
	at org.springframework.data.redis.core.RedisConnectionUtils.getConnection(RedisConnectionUtils.java:95)
	at org.springframework.data.redis.core.RedisConnectionUtils.getConnection(RedisConnectionUtils.java:82)
	at org.springframework.data.redis.core.RedisTemplate.execute(RedisTemplate.java:211)
	at org.springframework.data.redis.core.RedisTemplate.execute(RedisTemplate.java:184)
	at org.springframework.data.redis.core.RedisTemplate.hasKey(RedisTemplate.java:769)
	at com.example.task.ScaleRedisTask.queryLastFiveIdList(ScaleRedisTask.java:184)
	at com.example.task.ScaleRedisTask.push(ScaleRedisTask.java:71)
	at com.example.task.ScaleRedisTask$$FastClassBySpringCGLIB$$afb5cdae.invoke(<generated>)
	at org.springframework.cglib.proxy.MethodProxy.invoke(MethodProxy.java:218)
	at org.springframework.aop.framework.CglibAopProxy$CglibMethodInvocation.invokeJoinpoint(CglibAopProxy.java:749)
	at org.springframework.aop.framework.ReflectiveMethodInvocation.proceed(ReflectiveMethodInvocation.java:163)
	at org.springframework.aop.interceptor.AsyncExecutionInterceptor.lambda$invoke$0(AsyncExecutionInterceptor.java:115)
	at java.util.concurrent.FutureTask.run$$$capture(FutureTask.java:266)
	at java.util.concurrent.FutureTask.run(FutureTask.java)
	at java.util.concurrent.ThreadPoolExecutor.runWorker(ThreadPoolExecutor.java:1149)
	at java.util.concurrent.ThreadPoolExecutor$Worker.run(ThreadPoolExecutor.java:624)
	at java.lang.Thread.run(Thread.java:748)
Caused by: io.lettuce.core.RedisConnectionException: Unable to connect to 127.0.0.1:6379
	at io.lettuce.core.RedisConnectionException.create(RedisConnectionException.java:78)
	at io.lettuce.core.RedisConnectionException.create(RedisConnectionException.java:56)
	at io.lettuce.core.AbstractRedisClient.getConnection(AbstractRedisClient.java:235)
	at io.lettuce.core.RedisClient.connect(RedisClient.java:204)
	at org.springframework.data.redis.connection.lettuce.StandaloneConnectionProvider.lambda$getConnection$1(StandaloneConnectionProvider.java:113)
	at java.util.Optional.orElseGet(Optional.java:267)
	at org.springframework.data.redis.connection.lettuce.StandaloneConnectionProvider.getConnection(StandaloneConnectionProvider.java:113)
	at org.springframework.data.redis.connection.lettuce.LettuceConnectionFactory$SharedConnection.getNativeConnection(LettuceConnectionFactory.java:1104)
	... 21 common frames omitted
Caused by: io.netty.channel.AbstractChannel$AnnotatedConnectException: Connection refused: no further information: /127.0.0.1:6379
	at sun.nio.ch.SocketChannelImpl.checkConnect(Native Method)
	at sun.nio.ch.SocketChannelImpl.finishConnect(SocketChannelImpl.java:717)
	at io.netty.channel.socket.nio.NioSocketChannel.doFinishConnect(NioSocketChannel.java:327)
	at io.netty.channel.nio.AbstractNioChannel$AbstractNioUnsafe.finishConnect(AbstractNioChannel.java:340)
	at io.netty.channel.nio.NioEventLoop.processSelectedKey(NioEventLoop.java:665)
	at io.netty.channel.nio.NioEventLoop.processSelectedKeysOptimized(NioEventLoop.java:612)
	at io.netty.channel.nio.NioEventLoop.processSelectedKeys(NioEventLoop.java:529)
	at io.netty.channel.nio.NioEventLoop.run(NioEventLoop.java:491)
	at io.netty.util.concurrent.SingleThreadEventExecutor$5.run(SingleThreadEventExecutor.java:905)
	at io.netty.util.concurrent.FastThreadLocalRunnable.run(FastThreadLocalRunnable.java:30)
	... 1 common frames omitted
Caused by: java.net.ConnectException: Connection refused: no further information
	... 11 common frames omitted
2025-08-06 16:05:02 [task-7] ERROR o.s.a.i.SimpleAsyncUncaughtExceptionHandler - Unexpected exception occurred invoking async method: public void com.example.task.ScaleRedisTask.push()
org.springframework.data.redis.RedisConnectionFailureException: Unable to connect to Redis; nested exception is io.lettuce.core.RedisConnectionException: Unable to connect to 127.0.0.1:6379
	at org.springframework.data.redis.connection.lettuce.LettuceConnectionFactory$SharedConnection.getNativeConnection(LettuceConnectionFactory.java:1111)
	at org.springframework.data.redis.connection.lettuce.LettuceConnectionFactory$SharedConnection.getConnection(LettuceConnectionFactory.java:1084)
	at org.springframework.data.redis.connection.lettuce.LettuceConnectionFactory.getSharedConnection(LettuceConnectionFactory.java:866)
	at org.springframework.data.redis.connection.lettuce.LettuceConnectionFactory.getConnection(LettuceConnectionFactory.java:341)
	at org.springframework.data.redis.core.RedisConnectionUtils.doGetConnection(RedisConnectionUtils.java:132)
	at org.springframework.data.redis.core.RedisConnectionUtils.getConnection(RedisConnectionUtils.java:95)
	at org.springframework.data.redis.core.RedisConnectionUtils.getConnection(RedisConnectionUtils.java:82)
	at org.springframework.data.redis.core.RedisTemplate.execute(RedisTemplate.java:211)
	at org.springframework.data.redis.core.RedisTemplate.execute(RedisTemplate.java:184)
	at org.springframework.data.redis.core.RedisTemplate.hasKey(RedisTemplate.java:769)
	at com.example.task.ScaleRedisTask.queryLastFiveIdList(ScaleRedisTask.java:184)
	at com.example.task.ScaleRedisTask.push(ScaleRedisTask.java:71)
	at com.example.task.ScaleRedisTask$$FastClassBySpringCGLIB$$afb5cdae.invoke(<generated>)
	at org.springframework.cglib.proxy.MethodProxy.invoke(MethodProxy.java:218)
	at org.springframework.aop.framework.CglibAopProxy$CglibMethodInvocation.invokeJoinpoint(CglibAopProxy.java:749)
	at org.springframework.aop.framework.ReflectiveMethodInvocation.proceed(ReflectiveMethodInvocation.java:163)
	at org.springframework.aop.interceptor.AsyncExecutionInterceptor.lambda$invoke$0(AsyncExecutionInterceptor.java:115)
	at java.util.concurrent.FutureTask.run$$$capture(FutureTask.java:266)
	at java.util.concurrent.FutureTask.run(FutureTask.java)
	at java.util.concurrent.ThreadPoolExecutor.runWorker(ThreadPoolExecutor.java:1149)
	at java.util.concurrent.ThreadPoolExecutor$Worker.run(ThreadPoolExecutor.java:624)
	at java.lang.Thread.run(Thread.java:748)
Caused by: io.lettuce.core.RedisConnectionException: Unable to connect to 127.0.0.1:6379
	at io.lettuce.core.RedisConnectionException.create(RedisConnectionException.java:78)
	at io.lettuce.core.RedisConnectionException.create(RedisConnectionException.java:56)
	at io.lettuce.core.AbstractRedisClient.getConnection(AbstractRedisClient.java:235)
	at io.lettuce.core.RedisClient.connect(RedisClient.java:204)
	at org.springframework.data.redis.connection.lettuce.StandaloneConnectionProvider.lambda$getConnection$1(StandaloneConnectionProvider.java:113)
	at java.util.Optional.orElseGet(Optional.java:267)
	at org.springframework.data.redis.connection.lettuce.StandaloneConnectionProvider.getConnection(StandaloneConnectionProvider.java:113)
	at org.springframework.data.redis.connection.lettuce.LettuceConnectionFactory$SharedConnection.getNativeConnection(LettuceConnectionFactory.java:1104)
	... 21 common frames omitted
Caused by: io.netty.channel.AbstractChannel$AnnotatedConnectException: Connection refused: no further information: /127.0.0.1:6379
	at sun.nio.ch.SocketChannelImpl.checkConnect(Native Method)
	at sun.nio.ch.SocketChannelImpl.finishConnect(SocketChannelImpl.java:717)
	at io.netty.channel.socket.nio.NioSocketChannel.doFinishConnect(NioSocketChannel.java:327)
	at io.netty.channel.nio.AbstractNioChannel$AbstractNioUnsafe.finishConnect(AbstractNioChannel.java:340)
	at io.netty.channel.nio.NioEventLoop.processSelectedKey(NioEventLoop.java:665)
	at io.netty.channel.nio.NioEventLoop.processSelectedKeysOptimized(NioEventLoop.java:612)
	at io.netty.channel.nio.NioEventLoop.processSelectedKeys(NioEventLoop.java:529)
	at io.netty.channel.nio.NioEventLoop.run(NioEventLoop.java:491)
	at io.netty.util.concurrent.SingleThreadEventExecutor$5.run(SingleThreadEventExecutor.java:905)
	at io.netty.util.concurrent.FastThreadLocalRunnable.run(FastThreadLocalRunnable.java:30)
	... 1 common frames omitted
Caused by: java.net.ConnectException: Connection refused: no further information
	... 11 common frames omitted
2025-08-06 16:10:02 [task-8] ERROR o.s.a.i.SimpleAsyncUncaughtExceptionHandler - Unexpected exception occurred invoking async method: public void com.example.task.ScaleRedisTask.push()
org.springframework.data.redis.RedisConnectionFailureException: Unable to connect to Redis; nested exception is io.lettuce.core.RedisConnectionException: Unable to connect to 127.0.0.1:6379
	at org.springframework.data.redis.connection.lettuce.LettuceConnectionFactory$SharedConnection.getNativeConnection(LettuceConnectionFactory.java:1111)
	at org.springframework.data.redis.connection.lettuce.LettuceConnectionFactory$SharedConnection.getConnection(LettuceConnectionFactory.java:1084)
	at org.springframework.data.redis.connection.lettuce.LettuceConnectionFactory.getSharedConnection(LettuceConnectionFactory.java:866)
	at org.springframework.data.redis.connection.lettuce.LettuceConnectionFactory.getConnection(LettuceConnectionFactory.java:341)
	at org.springframework.data.redis.core.RedisConnectionUtils.doGetConnection(RedisConnectionUtils.java:132)
	at org.springframework.data.redis.core.RedisConnectionUtils.getConnection(RedisConnectionUtils.java:95)
	at org.springframework.data.redis.core.RedisConnectionUtils.getConnection(RedisConnectionUtils.java:82)
	at org.springframework.data.redis.core.RedisTemplate.execute(RedisTemplate.java:211)
	at org.springframework.data.redis.core.RedisTemplate.execute(RedisTemplate.java:184)
	at org.springframework.data.redis.core.RedisTemplate.hasKey(RedisTemplate.java:769)
	at com.example.task.ScaleRedisTask.queryLastFiveIdList(ScaleRedisTask.java:184)
	at com.example.task.ScaleRedisTask.push(ScaleRedisTask.java:71)
	at com.example.task.ScaleRedisTask$$FastClassBySpringCGLIB$$afb5cdae.invoke(<generated>)
	at org.springframework.cglib.proxy.MethodProxy.invoke(MethodProxy.java:218)
	at org.springframework.aop.framework.CglibAopProxy$CglibMethodInvocation.invokeJoinpoint(CglibAopProxy.java:749)
	at org.springframework.aop.framework.ReflectiveMethodInvocation.proceed(ReflectiveMethodInvocation.java:163)
	at org.springframework.aop.interceptor.AsyncExecutionInterceptor.lambda$invoke$0(AsyncExecutionInterceptor.java:115)
	at java.util.concurrent.FutureTask.run$$$capture(FutureTask.java:266)
	at java.util.concurrent.FutureTask.run(FutureTask.java)
	at java.util.concurrent.ThreadPoolExecutor.runWorker(ThreadPoolExecutor.java:1149)
	at java.util.concurrent.ThreadPoolExecutor$Worker.run(ThreadPoolExecutor.java:624)
	at java.lang.Thread.run(Thread.java:748)
Caused by: io.lettuce.core.RedisConnectionException: Unable to connect to 127.0.0.1:6379
	at io.lettuce.core.RedisConnectionException.create(RedisConnectionException.java:78)
	at io.lettuce.core.RedisConnectionException.create(RedisConnectionException.java:56)
	at io.lettuce.core.AbstractRedisClient.getConnection(AbstractRedisClient.java:235)
	at io.lettuce.core.RedisClient.connect(RedisClient.java:204)
	at org.springframework.data.redis.connection.lettuce.StandaloneConnectionProvider.lambda$getConnection$1(StandaloneConnectionProvider.java:113)
	at java.util.Optional.orElseGet(Optional.java:267)
	at org.springframework.data.redis.connection.lettuce.StandaloneConnectionProvider.getConnection(StandaloneConnectionProvider.java:113)
	at org.springframework.data.redis.connection.lettuce.LettuceConnectionFactory$SharedConnection.getNativeConnection(LettuceConnectionFactory.java:1104)
	... 21 common frames omitted
Caused by: io.netty.channel.AbstractChannel$AnnotatedConnectException: Connection refused: no further information: /127.0.0.1:6379
	at sun.nio.ch.SocketChannelImpl.checkConnect(Native Method)
	at sun.nio.ch.SocketChannelImpl.finishConnect(SocketChannelImpl.java:717)
	at io.netty.channel.socket.nio.NioSocketChannel.doFinishConnect(NioSocketChannel.java:327)
	at io.netty.channel.nio.AbstractNioChannel$AbstractNioUnsafe.finishConnect(AbstractNioChannel.java:340)
	at io.netty.channel.nio.NioEventLoop.processSelectedKey(NioEventLoop.java:665)
	at io.netty.channel.nio.NioEventLoop.processSelectedKeysOptimized(NioEventLoop.java:612)
	at io.netty.channel.nio.NioEventLoop.processSelectedKeys(NioEventLoop.java:529)
	at io.netty.channel.nio.NioEventLoop.run(NioEventLoop.java:491)
	at io.netty.util.concurrent.SingleThreadEventExecutor$5.run(SingleThreadEventExecutor.java:905)
	at io.netty.util.concurrent.FastThreadLocalRunnable.run(FastThreadLocalRunnable.java:30)
	... 1 common frames omitted
Caused by: java.net.ConnectException: Connection refused: no further information
	... 11 common frames omitted
2025-08-06 16:15:02 [task-9] ERROR o.s.a.i.SimpleAsyncUncaughtExceptionHandler - Unexpected exception occurred invoking async method: public void com.example.task.ScaleRedisTask.push()
org.springframework.data.redis.RedisConnectionFailureException: Unable to connect to Redis; nested exception is io.lettuce.core.RedisConnectionException: Unable to connect to 127.0.0.1:6379
	at org.springframework.data.redis.connection.lettuce.LettuceConnectionFactory$SharedConnection.getNativeConnection(LettuceConnectionFactory.java:1111)
	at org.springframework.data.redis.connection.lettuce.LettuceConnectionFactory$SharedConnection.getConnection(LettuceConnectionFactory.java:1084)
	at org.springframework.data.redis.connection.lettuce.LettuceConnectionFactory.getSharedConnection(LettuceConnectionFactory.java:866)
	at org.springframework.data.redis.connection.lettuce.LettuceConnectionFactory.getConnection(LettuceConnectionFactory.java:341)
	at org.springframework.data.redis.core.RedisConnectionUtils.doGetConnection(RedisConnectionUtils.java:132)
	at org.springframework.data.redis.core.RedisConnectionUtils.getConnection(RedisConnectionUtils.java:95)
	at org.springframework.data.redis.core.RedisConnectionUtils.getConnection(RedisConnectionUtils.java:82)
	at org.springframework.data.redis.core.RedisTemplate.execute(RedisTemplate.java:211)
	at org.springframework.data.redis.core.RedisTemplate.execute(RedisTemplate.java:184)
	at org.springframework.data.redis.core.RedisTemplate.hasKey(RedisTemplate.java:769)
	at com.example.task.ScaleRedisTask.queryLastFiveIdList(ScaleRedisTask.java:184)
	at com.example.task.ScaleRedisTask.push(ScaleRedisTask.java:71)
	at com.example.task.ScaleRedisTask$$FastClassBySpringCGLIB$$afb5cdae.invoke(<generated>)
	at org.springframework.cglib.proxy.MethodProxy.invoke(MethodProxy.java:218)
	at org.springframework.aop.framework.CglibAopProxy$CglibMethodInvocation.invokeJoinpoint(CglibAopProxy.java:749)
	at org.springframework.aop.framework.ReflectiveMethodInvocation.proceed(ReflectiveMethodInvocation.java:163)
	at org.springframework.aop.interceptor.AsyncExecutionInterceptor.lambda$invoke$0(AsyncExecutionInterceptor.java:115)
	at java.util.concurrent.FutureTask.run$$$capture(FutureTask.java:266)
	at java.util.concurrent.FutureTask.run(FutureTask.java)
	at java.util.concurrent.ThreadPoolExecutor.runWorker(ThreadPoolExecutor.java:1149)
	at java.util.concurrent.ThreadPoolExecutor$Worker.run(ThreadPoolExecutor.java:624)
	at java.lang.Thread.run(Thread.java:748)
Caused by: io.lettuce.core.RedisConnectionException: Unable to connect to 127.0.0.1:6379
	at io.lettuce.core.RedisConnectionException.create(RedisConnectionException.java:78)
	at io.lettuce.core.RedisConnectionException.create(RedisConnectionException.java:56)
	at io.lettuce.core.AbstractRedisClient.getConnection(AbstractRedisClient.java:235)
	at io.lettuce.core.RedisClient.connect(RedisClient.java:204)
	at org.springframework.data.redis.connection.lettuce.StandaloneConnectionProvider.lambda$getConnection$1(StandaloneConnectionProvider.java:113)
	at java.util.Optional.orElseGet(Optional.java:267)
	at org.springframework.data.redis.connection.lettuce.StandaloneConnectionProvider.getConnection(StandaloneConnectionProvider.java:113)
	at org.springframework.data.redis.connection.lettuce.LettuceConnectionFactory$SharedConnection.getNativeConnection(LettuceConnectionFactory.java:1104)
	... 21 common frames omitted
Caused by: io.netty.channel.AbstractChannel$AnnotatedConnectException: Connection refused: no further information: /127.0.0.1:6379
	at sun.nio.ch.SocketChannelImpl.checkConnect(Native Method)
	at sun.nio.ch.SocketChannelImpl.finishConnect(SocketChannelImpl.java:717)
	at io.netty.channel.socket.nio.NioSocketChannel.doFinishConnect(NioSocketChannel.java:327)
	at io.netty.channel.nio.AbstractNioChannel$AbstractNioUnsafe.finishConnect(AbstractNioChannel.java:340)
	at io.netty.channel.nio.NioEventLoop.processSelectedKey(NioEventLoop.java:665)
	at io.netty.channel.nio.NioEventLoop.processSelectedKeysOptimized(NioEventLoop.java:612)
	at io.netty.channel.nio.NioEventLoop.processSelectedKeys(NioEventLoop.java:529)
	at io.netty.channel.nio.NioEventLoop.run(NioEventLoop.java:491)
	at io.netty.util.concurrent.SingleThreadEventExecutor$5.run(SingleThreadEventExecutor.java:905)
	at io.netty.util.concurrent.FastThreadLocalRunnable.run(FastThreadLocalRunnable.java:30)
	... 1 common frames omitted
Caused by: java.net.ConnectException: Connection refused: no further information
	... 11 common frames omitted
2025-08-06 16:20:02 [task-10] ERROR o.s.a.i.SimpleAsyncUncaughtExceptionHandler - Unexpected exception occurred invoking async method: public void com.example.task.ScaleRedisTask.push()
org.springframework.data.redis.RedisConnectionFailureException: Unable to connect to Redis; nested exception is io.lettuce.core.RedisConnectionException: Unable to connect to 127.0.0.1:6379
	at org.springframework.data.redis.connection.lettuce.LettuceConnectionFactory$SharedConnection.getNativeConnection(LettuceConnectionFactory.java:1111)
	at org.springframework.data.redis.connection.lettuce.LettuceConnectionFactory$SharedConnection.getConnection(LettuceConnectionFactory.java:1084)
	at org.springframework.data.redis.connection.lettuce.LettuceConnectionFactory.getSharedConnection(LettuceConnectionFactory.java:866)
	at org.springframework.data.redis.connection.lettuce.LettuceConnectionFactory.getConnection(LettuceConnectionFactory.java:341)
	at org.springframework.data.redis.core.RedisConnectionUtils.doGetConnection(RedisConnectionUtils.java:132)
	at org.springframework.data.redis.core.RedisConnectionUtils.getConnection(RedisConnectionUtils.java:95)
	at org.springframework.data.redis.core.RedisConnectionUtils.getConnection(RedisConnectionUtils.java:82)
	at org.springframework.data.redis.core.RedisTemplate.execute(RedisTemplate.java:211)
	at org.springframework.data.redis.core.RedisTemplate.execute(RedisTemplate.java:184)
	at org.springframework.data.redis.core.RedisTemplate.hasKey(RedisTemplate.java:769)
	at com.example.task.ScaleRedisTask.queryLastFiveIdList(ScaleRedisTask.java:184)
	at com.example.task.ScaleRedisTask.push(ScaleRedisTask.java:71)
	at com.example.task.ScaleRedisTask$$FastClassBySpringCGLIB$$afb5cdae.invoke(<generated>)
	at org.springframework.cglib.proxy.MethodProxy.invoke(MethodProxy.java:218)
	at org.springframework.aop.framework.CglibAopProxy$CglibMethodInvocation.invokeJoinpoint(CglibAopProxy.java:749)
	at org.springframework.aop.framework.ReflectiveMethodInvocation.proceed(ReflectiveMethodInvocation.java:163)
	at org.springframework.aop.interceptor.AsyncExecutionInterceptor.lambda$invoke$0(AsyncExecutionInterceptor.java:115)
	at java.util.concurrent.FutureTask.run$$$capture(FutureTask.java:266)
	at java.util.concurrent.FutureTask.run(FutureTask.java)
	at java.util.concurrent.ThreadPoolExecutor.runWorker(ThreadPoolExecutor.java:1149)
	at java.util.concurrent.ThreadPoolExecutor$Worker.run(ThreadPoolExecutor.java:624)
	at java.lang.Thread.run(Thread.java:748)
Caused by: io.lettuce.core.RedisConnectionException: Unable to connect to 127.0.0.1:6379
	at io.lettuce.core.RedisConnectionException.create(RedisConnectionException.java:78)
	at io.lettuce.core.RedisConnectionException.create(RedisConnectionException.java:56)
	at io.lettuce.core.AbstractRedisClient.getConnection(AbstractRedisClient.java:235)
	at io.lettuce.core.RedisClient.connect(RedisClient.java:204)
	at org.springframework.data.redis.connection.lettuce.StandaloneConnectionProvider.lambda$getConnection$1(StandaloneConnectionProvider.java:113)
	at java.util.Optional.orElseGet(Optional.java:267)
	at org.springframework.data.redis.connection.lettuce.StandaloneConnectionProvider.getConnection(StandaloneConnectionProvider.java:113)
	at org.springframework.data.redis.connection.lettuce.LettuceConnectionFactory$SharedConnection.getNativeConnection(LettuceConnectionFactory.java:1104)
	... 21 common frames omitted
Caused by: io.netty.channel.AbstractChannel$AnnotatedConnectException: Connection refused: no further information: /127.0.0.1:6379
	at sun.nio.ch.SocketChannelImpl.checkConnect(Native Method)
	at sun.nio.ch.SocketChannelImpl.finishConnect(SocketChannelImpl.java:717)
	at io.netty.channel.socket.nio.NioSocketChannel.doFinishConnect(NioSocketChannel.java:327)
	at io.netty.channel.nio.AbstractNioChannel$AbstractNioUnsafe.finishConnect(AbstractNioChannel.java:340)
	at io.netty.channel.nio.NioEventLoop.processSelectedKey(NioEventLoop.java:665)
	at io.netty.channel.nio.NioEventLoop.processSelectedKeysOptimized(NioEventLoop.java:612)
	at io.netty.channel.nio.NioEventLoop.processSelectedKeys(NioEventLoop.java:529)
	at io.netty.channel.nio.NioEventLoop.run(NioEventLoop.java:491)
	at io.netty.util.concurrent.SingleThreadEventExecutor$5.run(SingleThreadEventExecutor.java:905)
	at io.netty.util.concurrent.FastThreadLocalRunnable.run(FastThreadLocalRunnable.java:30)
	... 1 common frames omitted
Caused by: java.net.ConnectException: Connection refused: no further information
	... 11 common frames omitted
2025-08-06 16:25:02 [task-11] ERROR o.s.a.i.SimpleAsyncUncaughtExceptionHandler - Unexpected exception occurred invoking async method: public void com.example.task.ScaleRedisTask.push()
org.springframework.data.redis.RedisConnectionFailureException: Unable to connect to Redis; nested exception is io.lettuce.core.RedisConnectionException: Unable to connect to 127.0.0.1:6379
	at org.springframework.data.redis.connection.lettuce.LettuceConnectionFactory$SharedConnection.getNativeConnection(LettuceConnectionFactory.java:1111)
	at org.springframework.data.redis.connection.lettuce.LettuceConnectionFactory$SharedConnection.getConnection(LettuceConnectionFactory.java:1084)
	at org.springframework.data.redis.connection.lettuce.LettuceConnectionFactory.getSharedConnection(LettuceConnectionFactory.java:866)
	at org.springframework.data.redis.connection.lettuce.LettuceConnectionFactory.getConnection(LettuceConnectionFactory.java:341)
	at org.springframework.data.redis.core.RedisConnectionUtils.doGetConnection(RedisConnectionUtils.java:132)
	at org.springframework.data.redis.core.RedisConnectionUtils.getConnection(RedisConnectionUtils.java:95)
	at org.springframework.data.redis.core.RedisConnectionUtils.getConnection(RedisConnectionUtils.java:82)
	at org.springframework.data.redis.core.RedisTemplate.execute(RedisTemplate.java:211)
	at org.springframework.data.redis.core.RedisTemplate.execute(RedisTemplate.java:184)
	at org.springframework.data.redis.core.RedisTemplate.hasKey(RedisTemplate.java:769)
	at com.example.task.ScaleRedisTask.queryLastFiveIdList(ScaleRedisTask.java:184)
	at com.example.task.ScaleRedisTask.push(ScaleRedisTask.java:71)
	at com.example.task.ScaleRedisTask$$FastClassBySpringCGLIB$$afb5cdae.invoke(<generated>)
	at org.springframework.cglib.proxy.MethodProxy.invoke(MethodProxy.java:218)
	at org.springframework.aop.framework.CglibAopProxy$CglibMethodInvocation.invokeJoinpoint(CglibAopProxy.java:749)
	at org.springframework.aop.framework.ReflectiveMethodInvocation.proceed(ReflectiveMethodInvocation.java:163)
	at org.springframework.aop.interceptor.AsyncExecutionInterceptor.lambda$invoke$0(AsyncExecutionInterceptor.java:115)
	at java.util.concurrent.FutureTask.run$$$capture(FutureTask.java:266)
	at java.util.concurrent.FutureTask.run(FutureTask.java)
	at java.util.concurrent.ThreadPoolExecutor.runWorker(ThreadPoolExecutor.java:1149)
	at java.util.concurrent.ThreadPoolExecutor$Worker.run(ThreadPoolExecutor.java:624)
	at java.lang.Thread.run(Thread.java:748)
Caused by: io.lettuce.core.RedisConnectionException: Unable to connect to 127.0.0.1:6379
	at io.lettuce.core.RedisConnectionException.create(RedisConnectionException.java:78)
	at io.lettuce.core.RedisConnectionException.create(RedisConnectionException.java:56)
	at io.lettuce.core.AbstractRedisClient.getConnection(AbstractRedisClient.java:235)
	at io.lettuce.core.RedisClient.connect(RedisClient.java:204)
	at org.springframework.data.redis.connection.lettuce.StandaloneConnectionProvider.lambda$getConnection$1(StandaloneConnectionProvider.java:113)
	at java.util.Optional.orElseGet(Optional.java:267)
	at org.springframework.data.redis.connection.lettuce.StandaloneConnectionProvider.getConnection(StandaloneConnectionProvider.java:113)
	at org.springframework.data.redis.connection.lettuce.LettuceConnectionFactory$SharedConnection.getNativeConnection(LettuceConnectionFactory.java:1104)
	... 21 common frames omitted
Caused by: io.netty.channel.AbstractChannel$AnnotatedConnectException: Connection refused: no further information: /127.0.0.1:6379
	at sun.nio.ch.SocketChannelImpl.checkConnect(Native Method)
	at sun.nio.ch.SocketChannelImpl.finishConnect(SocketChannelImpl.java:717)
	at io.netty.channel.socket.nio.NioSocketChannel.doFinishConnect(NioSocketChannel.java:327)
	at io.netty.channel.nio.AbstractNioChannel$AbstractNioUnsafe.finishConnect(AbstractNioChannel.java:340)
	at io.netty.channel.nio.NioEventLoop.processSelectedKey(NioEventLoop.java:665)
	at io.netty.channel.nio.NioEventLoop.processSelectedKeysOptimized(NioEventLoop.java:612)
	at io.netty.channel.nio.NioEventLoop.processSelectedKeys(NioEventLoop.java:529)
	at io.netty.channel.nio.NioEventLoop.run(NioEventLoop.java:491)
	at io.netty.util.concurrent.SingleThreadEventExecutor$5.run(SingleThreadEventExecutor.java:905)
	at io.netty.util.concurrent.FastThreadLocalRunnable.run(FastThreadLocalRunnable.java:30)
	... 1 common frames omitted
Caused by: java.net.ConnectException: Connection refused: no further information
	... 11 common frames omitted
2025-08-06 16:30:02 [task-12] ERROR o.s.a.i.SimpleAsyncUncaughtExceptionHandler - Unexpected exception occurred invoking async method: public void com.example.task.ScaleRedisTask.push()
org.springframework.data.redis.RedisConnectionFailureException: Unable to connect to Redis; nested exception is io.lettuce.core.RedisConnectionException: Unable to connect to 127.0.0.1:6379
	at org.springframework.data.redis.connection.lettuce.LettuceConnectionFactory$SharedConnection.getNativeConnection(LettuceConnectionFactory.java:1111)
	at org.springframework.data.redis.connection.lettuce.LettuceConnectionFactory$SharedConnection.getConnection(LettuceConnectionFactory.java:1084)
	at org.springframework.data.redis.connection.lettuce.LettuceConnectionFactory.getSharedConnection(LettuceConnectionFactory.java:866)
	at org.springframework.data.redis.connection.lettuce.LettuceConnectionFactory.getConnection(LettuceConnectionFactory.java:341)
	at org.springframework.data.redis.core.RedisConnectionUtils.doGetConnection(RedisConnectionUtils.java:132)
	at org.springframework.data.redis.core.RedisConnectionUtils.getConnection(RedisConnectionUtils.java:95)
	at org.springframework.data.redis.core.RedisConnectionUtils.getConnection(RedisConnectionUtils.java:82)
	at org.springframework.data.redis.core.RedisTemplate.execute(RedisTemplate.java:211)
	at org.springframework.data.redis.core.RedisTemplate.execute(RedisTemplate.java:184)
	at org.springframework.data.redis.core.RedisTemplate.hasKey(RedisTemplate.java:769)
	at com.example.task.ScaleRedisTask.queryLastFiveIdList(ScaleRedisTask.java:184)
	at com.example.task.ScaleRedisTask.push(ScaleRedisTask.java:71)
	at com.example.task.ScaleRedisTask$$FastClassBySpringCGLIB$$afb5cdae.invoke(<generated>)
	at org.springframework.cglib.proxy.MethodProxy.invoke(MethodProxy.java:218)
	at org.springframework.aop.framework.CglibAopProxy$CglibMethodInvocation.invokeJoinpoint(CglibAopProxy.java:749)
	at org.springframework.aop.framework.ReflectiveMethodInvocation.proceed(ReflectiveMethodInvocation.java:163)
	at org.springframework.aop.interceptor.AsyncExecutionInterceptor.lambda$invoke$0(AsyncExecutionInterceptor.java:115)
	at java.util.concurrent.FutureTask.run$$$capture(FutureTask.java:266)
	at java.util.concurrent.FutureTask.run(FutureTask.java)
	at java.util.concurrent.ThreadPoolExecutor.runWorker(ThreadPoolExecutor.java:1149)
	at java.util.concurrent.ThreadPoolExecutor$Worker.run(ThreadPoolExecutor.java:624)
	at java.lang.Thread.run(Thread.java:748)
Caused by: io.lettuce.core.RedisConnectionException: Unable to connect to 127.0.0.1:6379
	at io.lettuce.core.RedisConnectionException.create(RedisConnectionException.java:78)
	at io.lettuce.core.RedisConnectionException.create(RedisConnectionException.java:56)
	at io.lettuce.core.AbstractRedisClient.getConnection(AbstractRedisClient.java:235)
	at io.lettuce.core.RedisClient.connect(RedisClient.java:204)
	at org.springframework.data.redis.connection.lettuce.StandaloneConnectionProvider.lambda$getConnection$1(StandaloneConnectionProvider.java:113)
	at java.util.Optional.orElseGet(Optional.java:267)
	at org.springframework.data.redis.connection.lettuce.StandaloneConnectionProvider.getConnection(StandaloneConnectionProvider.java:113)
	at org.springframework.data.redis.connection.lettuce.LettuceConnectionFactory$SharedConnection.getNativeConnection(LettuceConnectionFactory.java:1104)
	... 21 common frames omitted
Caused by: io.netty.channel.AbstractChannel$AnnotatedConnectException: Connection refused: no further information: /127.0.0.1:6379
	at sun.nio.ch.SocketChannelImpl.checkConnect(Native Method)
	at sun.nio.ch.SocketChannelImpl.finishConnect(SocketChannelImpl.java:717)
	at io.netty.channel.socket.nio.NioSocketChannel.doFinishConnect(NioSocketChannel.java:327)
	at io.netty.channel.nio.AbstractNioChannel$AbstractNioUnsafe.finishConnect(AbstractNioChannel.java:340)
	at io.netty.channel.nio.NioEventLoop.processSelectedKey(NioEventLoop.java:665)
	at io.netty.channel.nio.NioEventLoop.processSelectedKeysOptimized(NioEventLoop.java:612)
	at io.netty.channel.nio.NioEventLoop.processSelectedKeys(NioEventLoop.java:529)
	at io.netty.channel.nio.NioEventLoop.run(NioEventLoop.java:491)
	at io.netty.util.concurrent.SingleThreadEventExecutor$5.run(SingleThreadEventExecutor.java:905)
	at io.netty.util.concurrent.FastThreadLocalRunnable.run(FastThreadLocalRunnable.java:30)
	... 1 common frames omitted
Caused by: java.net.ConnectException: Connection refused: no further information
	... 11 common frames omitted
2025-08-06 16:35:06 [task-13] ERROR o.s.a.i.SimpleAsyncUncaughtExceptionHandler - Unexpected exception occurred invoking async method: public void com.example.task.ScaleRedisTask.push()
org.springframework.data.redis.RedisConnectionFailureException: Unable to connect to Redis; nested exception is io.lettuce.core.RedisConnectionException: Unable to connect to 127.0.0.1:6379
	at org.springframework.data.redis.connection.lettuce.LettuceConnectionFactory$SharedConnection.getNativeConnection(LettuceConnectionFactory.java:1111)
	at org.springframework.data.redis.connection.lettuce.LettuceConnectionFactory$SharedConnection.getConnection(LettuceConnectionFactory.java:1084)
	at org.springframework.data.redis.connection.lettuce.LettuceConnectionFactory.getSharedConnection(LettuceConnectionFactory.java:866)
	at org.springframework.data.redis.connection.lettuce.LettuceConnectionFactory.getConnection(LettuceConnectionFactory.java:341)
	at org.springframework.data.redis.core.RedisConnectionUtils.doGetConnection(RedisConnectionUtils.java:132)
	at org.springframework.data.redis.core.RedisConnectionUtils.getConnection(RedisConnectionUtils.java:95)
	at org.springframework.data.redis.core.RedisConnectionUtils.getConnection(RedisConnectionUtils.java:82)
	at org.springframework.data.redis.core.RedisTemplate.execute(RedisTemplate.java:211)
	at org.springframework.data.redis.core.RedisTemplate.execute(RedisTemplate.java:184)
	at org.springframework.data.redis.core.RedisTemplate.hasKey(RedisTemplate.java:769)
	at com.example.task.ScaleRedisTask.queryLastFiveIdList(ScaleRedisTask.java:184)
	at com.example.task.ScaleRedisTask.push(ScaleRedisTask.java:71)
	at com.example.task.ScaleRedisTask$$FastClassBySpringCGLIB$$afb5cdae.invoke(<generated>)
	at org.springframework.cglib.proxy.MethodProxy.invoke(MethodProxy.java:218)
	at org.springframework.aop.framework.CglibAopProxy$CglibMethodInvocation.invokeJoinpoint(CglibAopProxy.java:749)
	at org.springframework.aop.framework.ReflectiveMethodInvocation.proceed(ReflectiveMethodInvocation.java:163)
	at org.springframework.aop.interceptor.AsyncExecutionInterceptor.lambda$invoke$0(AsyncExecutionInterceptor.java:115)
	at java.util.concurrent.FutureTask.run$$$capture(FutureTask.java:266)
	at java.util.concurrent.FutureTask.run(FutureTask.java)
	at java.util.concurrent.ThreadPoolExecutor.runWorker(ThreadPoolExecutor.java:1149)
	at java.util.concurrent.ThreadPoolExecutor$Worker.run(ThreadPoolExecutor.java:624)
	at java.lang.Thread.run(Thread.java:748)
Caused by: io.lettuce.core.RedisConnectionException: Unable to connect to 127.0.0.1:6379
	at io.lettuce.core.RedisConnectionException.create(RedisConnectionException.java:78)
	at io.lettuce.core.RedisConnectionException.create(RedisConnectionException.java:56)
	at io.lettuce.core.AbstractRedisClient.getConnection(AbstractRedisClient.java:235)
	at io.lettuce.core.RedisClient.connect(RedisClient.java:204)
	at org.springframework.data.redis.connection.lettuce.StandaloneConnectionProvider.lambda$getConnection$1(StandaloneConnectionProvider.java:113)
	at java.util.Optional.orElseGet(Optional.java:267)
	at org.springframework.data.redis.connection.lettuce.StandaloneConnectionProvider.getConnection(StandaloneConnectionProvider.java:113)
	at org.springframework.data.redis.connection.lettuce.LettuceConnectionFactory$SharedConnection.getNativeConnection(LettuceConnectionFactory.java:1104)
	... 21 common frames omitted
Caused by: io.netty.channel.AbstractChannel$AnnotatedConnectException: Connection refused: no further information: /127.0.0.1:6379
	at sun.nio.ch.SocketChannelImpl.checkConnect(Native Method)
	at sun.nio.ch.SocketChannelImpl.finishConnect(SocketChannelImpl.java:717)
	at io.netty.channel.socket.nio.NioSocketChannel.doFinishConnect(NioSocketChannel.java:327)
	at io.netty.channel.nio.AbstractNioChannel$AbstractNioUnsafe.finishConnect(AbstractNioChannel.java:340)
	at io.netty.channel.nio.NioEventLoop.processSelectedKey(NioEventLoop.java:665)
	at io.netty.channel.nio.NioEventLoop.processSelectedKeysOptimized(NioEventLoop.java:612)
	at io.netty.channel.nio.NioEventLoop.processSelectedKeys(NioEventLoop.java:529)
	at io.netty.channel.nio.NioEventLoop.run(NioEventLoop.java:491)
	at io.netty.util.concurrent.SingleThreadEventExecutor$5.run(SingleThreadEventExecutor.java:905)
	at io.netty.util.concurrent.FastThreadLocalRunnable.run(FastThreadLocalRunnable.java:30)
	... 1 common frames omitted
Caused by: java.net.ConnectException: Connection refused: no further information
	... 11 common frames omitted
2025-08-06 16:40:02 [task-14] ERROR o.s.a.i.SimpleAsyncUncaughtExceptionHandler - Unexpected exception occurred invoking async method: public void com.example.task.ScaleRedisTask.push()
org.springframework.data.redis.RedisConnectionFailureException: Unable to connect to Redis; nested exception is io.lettuce.core.RedisConnectionException: Unable to connect to 127.0.0.1:6379
	at org.springframework.data.redis.connection.lettuce.LettuceConnectionFactory$SharedConnection.getNativeConnection(LettuceConnectionFactory.java:1111)
	at org.springframework.data.redis.connection.lettuce.LettuceConnectionFactory$SharedConnection.getConnection(LettuceConnectionFactory.java:1084)
	at org.springframework.data.redis.connection.lettuce.LettuceConnectionFactory.getSharedConnection(LettuceConnectionFactory.java:866)
	at org.springframework.data.redis.connection.lettuce.LettuceConnectionFactory.getConnection(LettuceConnectionFactory.java:341)
	at org.springframework.data.redis.core.RedisConnectionUtils.doGetConnection(RedisConnectionUtils.java:132)
	at org.springframework.data.redis.core.RedisConnectionUtils.getConnection(RedisConnectionUtils.java:95)
	at org.springframework.data.redis.core.RedisConnectionUtils.getConnection(RedisConnectionUtils.java:82)
	at org.springframework.data.redis.core.RedisTemplate.execute(RedisTemplate.java:211)
	at org.springframework.data.redis.core.RedisTemplate.execute(RedisTemplate.java:184)
	at org.springframework.data.redis.core.RedisTemplate.hasKey(RedisTemplate.java:769)
	at com.example.task.ScaleRedisTask.queryLastFiveIdList(ScaleRedisTask.java:184)
	at com.example.task.ScaleRedisTask.push(ScaleRedisTask.java:71)
	at com.example.task.ScaleRedisTask$$FastClassBySpringCGLIB$$afb5cdae.invoke(<generated>)
	at org.springframework.cglib.proxy.MethodProxy.invoke(MethodProxy.java:218)
	at org.springframework.aop.framework.CglibAopProxy$CglibMethodInvocation.invokeJoinpoint(CglibAopProxy.java:749)
	at org.springframework.aop.framework.ReflectiveMethodInvocation.proceed(ReflectiveMethodInvocation.java:163)
	at org.springframework.aop.interceptor.AsyncExecutionInterceptor.lambda$invoke$0(AsyncExecutionInterceptor.java:115)
	at java.util.concurrent.FutureTask.run$$$capture(FutureTask.java:266)
	at java.util.concurrent.FutureTask.run(FutureTask.java)
	at java.util.concurrent.ThreadPoolExecutor.runWorker(ThreadPoolExecutor.java:1149)
	at java.util.concurrent.ThreadPoolExecutor$Worker.run(ThreadPoolExecutor.java:624)
	at java.lang.Thread.run(Thread.java:748)
Caused by: io.lettuce.core.RedisConnectionException: Unable to connect to 127.0.0.1:6379
	at io.lettuce.core.RedisConnectionException.create(RedisConnectionException.java:78)
	at io.lettuce.core.RedisConnectionException.create(RedisConnectionException.java:56)
	at io.lettuce.core.AbstractRedisClient.getConnection(AbstractRedisClient.java:235)
	at io.lettuce.core.RedisClient.connect(RedisClient.java:204)
	at org.springframework.data.redis.connection.lettuce.StandaloneConnectionProvider.lambda$getConnection$1(StandaloneConnectionProvider.java:113)
	at java.util.Optional.orElseGet(Optional.java:267)
	at org.springframework.data.redis.connection.lettuce.StandaloneConnectionProvider.getConnection(StandaloneConnectionProvider.java:113)
	at org.springframework.data.redis.connection.lettuce.LettuceConnectionFactory$SharedConnection.getNativeConnection(LettuceConnectionFactory.java:1104)
	... 21 common frames omitted
Caused by: io.netty.channel.AbstractChannel$AnnotatedConnectException: Connection refused: no further information: /127.0.0.1:6379
	at sun.nio.ch.SocketChannelImpl.checkConnect(Native Method)
	at sun.nio.ch.SocketChannelImpl.finishConnect(SocketChannelImpl.java:717)
	at io.netty.channel.socket.nio.NioSocketChannel.doFinishConnect(NioSocketChannel.java:327)
	at io.netty.channel.nio.AbstractNioChannel$AbstractNioUnsafe.finishConnect(AbstractNioChannel.java:340)
	at io.netty.channel.nio.NioEventLoop.processSelectedKey(NioEventLoop.java:665)
	at io.netty.channel.nio.NioEventLoop.processSelectedKeysOptimized(NioEventLoop.java:612)
	at io.netty.channel.nio.NioEventLoop.processSelectedKeys(NioEventLoop.java:529)
	at io.netty.channel.nio.NioEventLoop.run(NioEventLoop.java:491)
	at io.netty.util.concurrent.SingleThreadEventExecutor$5.run(SingleThreadEventExecutor.java:905)
	at io.netty.util.concurrent.FastThreadLocalRunnable.run(FastThreadLocalRunnable.java:30)
	... 1 common frames omitted
Caused by: java.net.ConnectException: Connection refused: no further information
	... 11 common frames omitted
2025-08-06 16:45:02 [task-15] ERROR o.s.a.i.SimpleAsyncUncaughtExceptionHandler - Unexpected exception occurred invoking async method: public void com.example.task.ScaleRedisTask.push()
org.springframework.data.redis.RedisConnectionFailureException: Unable to connect to Redis; nested exception is io.lettuce.core.RedisConnectionException: Unable to connect to 127.0.0.1:6379
	at org.springframework.data.redis.connection.lettuce.LettuceConnectionFactory$SharedConnection.getNativeConnection(LettuceConnectionFactory.java:1111)
	at org.springframework.data.redis.connection.lettuce.LettuceConnectionFactory$SharedConnection.getConnection(LettuceConnectionFactory.java:1084)
	at org.springframework.data.redis.connection.lettuce.LettuceConnectionFactory.getSharedConnection(LettuceConnectionFactory.java:866)
	at org.springframework.data.redis.connection.lettuce.LettuceConnectionFactory.getConnection(LettuceConnectionFactory.java:341)
	at org.springframework.data.redis.core.RedisConnectionUtils.doGetConnection(RedisConnectionUtils.java:132)
	at org.springframework.data.redis.core.RedisConnectionUtils.getConnection(RedisConnectionUtils.java:95)
	at org.springframework.data.redis.core.RedisConnectionUtils.getConnection(RedisConnectionUtils.java:82)
	at org.springframework.data.redis.core.RedisTemplate.execute(RedisTemplate.java:211)
	at org.springframework.data.redis.core.RedisTemplate.execute(RedisTemplate.java:184)
	at org.springframework.data.redis.core.RedisTemplate.hasKey(RedisTemplate.java:769)
	at com.example.task.ScaleRedisTask.queryLastFiveIdList(ScaleRedisTask.java:184)
	at com.example.task.ScaleRedisTask.push(ScaleRedisTask.java:71)
	at com.example.task.ScaleRedisTask$$FastClassBySpringCGLIB$$afb5cdae.invoke(<generated>)
	at org.springframework.cglib.proxy.MethodProxy.invoke(MethodProxy.java:218)
	at org.springframework.aop.framework.CglibAopProxy$CglibMethodInvocation.invokeJoinpoint(CglibAopProxy.java:749)
	at org.springframework.aop.framework.ReflectiveMethodInvocation.proceed(ReflectiveMethodInvocation.java:163)
	at org.springframework.aop.interceptor.AsyncExecutionInterceptor.lambda$invoke$0(AsyncExecutionInterceptor.java:115)
	at java.util.concurrent.FutureTask.run$$$capture(FutureTask.java:266)
	at java.util.concurrent.FutureTask.run(FutureTask.java)
	at java.util.concurrent.ThreadPoolExecutor.runWorker(ThreadPoolExecutor.java:1149)
	at java.util.concurrent.ThreadPoolExecutor$Worker.run(ThreadPoolExecutor.java:624)
	at java.lang.Thread.run(Thread.java:748)
Caused by: io.lettuce.core.RedisConnectionException: Unable to connect to 127.0.0.1:6379
	at io.lettuce.core.RedisConnectionException.create(RedisConnectionException.java:78)
	at io.lettuce.core.RedisConnectionException.create(RedisConnectionException.java:56)
	at io.lettuce.core.AbstractRedisClient.getConnection(AbstractRedisClient.java:235)
	at io.lettuce.core.RedisClient.connect(RedisClient.java:204)
	at org.springframework.data.redis.connection.lettuce.StandaloneConnectionProvider.lambda$getConnection$1(StandaloneConnectionProvider.java:113)
	at java.util.Optional.orElseGet(Optional.java:267)
	at org.springframework.data.redis.connection.lettuce.StandaloneConnectionProvider.getConnection(StandaloneConnectionProvider.java:113)
	at org.springframework.data.redis.connection.lettuce.LettuceConnectionFactory$SharedConnection.getNativeConnection(LettuceConnectionFactory.java:1104)
	... 21 common frames omitted
Caused by: io.netty.channel.AbstractChannel$AnnotatedConnectException: Connection refused: no further information: /127.0.0.1:6379
	at sun.nio.ch.SocketChannelImpl.checkConnect(Native Method)
	at sun.nio.ch.SocketChannelImpl.finishConnect(SocketChannelImpl.java:717)
	at io.netty.channel.socket.nio.NioSocketChannel.doFinishConnect(NioSocketChannel.java:327)
	at io.netty.channel.nio.AbstractNioChannel$AbstractNioUnsafe.finishConnect(AbstractNioChannel.java:340)
	at io.netty.channel.nio.NioEventLoop.processSelectedKey(NioEventLoop.java:665)
	at io.netty.channel.nio.NioEventLoop.processSelectedKeysOptimized(NioEventLoop.java:612)
	at io.netty.channel.nio.NioEventLoop.processSelectedKeys(NioEventLoop.java:529)
	at io.netty.channel.nio.NioEventLoop.run(NioEventLoop.java:491)
	at io.netty.util.concurrent.SingleThreadEventExecutor$5.run(SingleThreadEventExecutor.java:905)
	at io.netty.util.concurrent.FastThreadLocalRunnable.run(FastThreadLocalRunnable.java:30)
	... 1 common frames omitted
Caused by: java.net.ConnectException: Connection refused: no further information
	... 11 common frames omitted
2025-08-06 16:50:02 [task-16] ERROR o.s.a.i.SimpleAsyncUncaughtExceptionHandler - Unexpected exception occurred invoking async method: public void com.example.task.ScaleRedisTask.push()
org.springframework.data.redis.RedisConnectionFailureException: Unable to connect to Redis; nested exception is io.lettuce.core.RedisConnectionException: Unable to connect to 127.0.0.1:6379
	at org.springframework.data.redis.connection.lettuce.LettuceConnectionFactory$SharedConnection.getNativeConnection(LettuceConnectionFactory.java:1111)
	at org.springframework.data.redis.connection.lettuce.LettuceConnectionFactory$SharedConnection.getConnection(LettuceConnectionFactory.java:1084)
	at org.springframework.data.redis.connection.lettuce.LettuceConnectionFactory.getSharedConnection(LettuceConnectionFactory.java:866)
	at org.springframework.data.redis.connection.lettuce.LettuceConnectionFactory.getConnection(LettuceConnectionFactory.java:341)
	at org.springframework.data.redis.core.RedisConnectionUtils.doGetConnection(RedisConnectionUtils.java:132)
	at org.springframework.data.redis.core.RedisConnectionUtils.getConnection(RedisConnectionUtils.java:95)
	at org.springframework.data.redis.core.RedisConnectionUtils.getConnection(RedisConnectionUtils.java:82)
	at org.springframework.data.redis.core.RedisTemplate.execute(RedisTemplate.java:211)
	at org.springframework.data.redis.core.RedisTemplate.execute(RedisTemplate.java:184)
	at org.springframework.data.redis.core.RedisTemplate.hasKey(RedisTemplate.java:769)
	at com.example.task.ScaleRedisTask.queryLastFiveIdList(ScaleRedisTask.java:184)
	at com.example.task.ScaleRedisTask.push(ScaleRedisTask.java:71)
	at com.example.task.ScaleRedisTask$$FastClassBySpringCGLIB$$afb5cdae.invoke(<generated>)
	at org.springframework.cglib.proxy.MethodProxy.invoke(MethodProxy.java:218)
	at org.springframework.aop.framework.CglibAopProxy$CglibMethodInvocation.invokeJoinpoint(CglibAopProxy.java:749)
	at org.springframework.aop.framework.ReflectiveMethodInvocation.proceed(ReflectiveMethodInvocation.java:163)
	at org.springframework.aop.interceptor.AsyncExecutionInterceptor.lambda$invoke$0(AsyncExecutionInterceptor.java:115)
	at java.util.concurrent.FutureTask.run$$$capture(FutureTask.java:266)
	at java.util.concurrent.FutureTask.run(FutureTask.java)
	at java.util.concurrent.ThreadPoolExecutor.runWorker(ThreadPoolExecutor.java:1149)
	at java.util.concurrent.ThreadPoolExecutor$Worker.run(ThreadPoolExecutor.java:624)
	at java.lang.Thread.run(Thread.java:748)
Caused by: io.lettuce.core.RedisConnectionException: Unable to connect to 127.0.0.1:6379
	at io.lettuce.core.RedisConnectionException.create(RedisConnectionException.java:78)
	at io.lettuce.core.RedisConnectionException.create(RedisConnectionException.java:56)
	at io.lettuce.core.AbstractRedisClient.getConnection(AbstractRedisClient.java:235)
	at io.lettuce.core.RedisClient.connect(RedisClient.java:204)
	at org.springframework.data.redis.connection.lettuce.StandaloneConnectionProvider.lambda$getConnection$1(StandaloneConnectionProvider.java:113)
	at java.util.Optional.orElseGet(Optional.java:267)
	at org.springframework.data.redis.connection.lettuce.StandaloneConnectionProvider.getConnection(StandaloneConnectionProvider.java:113)
	at org.springframework.data.redis.connection.lettuce.LettuceConnectionFactory$SharedConnection.getNativeConnection(LettuceConnectionFactory.java:1104)
	... 21 common frames omitted
Caused by: io.netty.channel.AbstractChannel$AnnotatedConnectException: Connection refused: no further information: /127.0.0.1:6379
	at sun.nio.ch.SocketChannelImpl.checkConnect(Native Method)
	at sun.nio.ch.SocketChannelImpl.finishConnect(SocketChannelImpl.java:717)
	at io.netty.channel.socket.nio.NioSocketChannel.doFinishConnect(NioSocketChannel.java:327)
	at io.netty.channel.nio.AbstractNioChannel$AbstractNioUnsafe.finishConnect(AbstractNioChannel.java:340)
	at io.netty.channel.nio.NioEventLoop.processSelectedKey(NioEventLoop.java:665)
	at io.netty.channel.nio.NioEventLoop.processSelectedKeysOptimized(NioEventLoop.java:612)
	at io.netty.channel.nio.NioEventLoop.processSelectedKeys(NioEventLoop.java:529)
	at io.netty.channel.nio.NioEventLoop.run(NioEventLoop.java:491)
	at io.netty.util.concurrent.SingleThreadEventExecutor$5.run(SingleThreadEventExecutor.java:905)
	at io.netty.util.concurrent.FastThreadLocalRunnable.run(FastThreadLocalRunnable.java:30)
	... 1 common frames omitted
Caused by: java.net.ConnectException: Connection refused: no further information
	... 11 common frames omitted
2025-08-06 16:55:02 [task-17] ERROR o.s.a.i.SimpleAsyncUncaughtExceptionHandler - Unexpected exception occurred invoking async method: public void com.example.task.ScaleRedisTask.push()
org.springframework.data.redis.RedisConnectionFailureException: Unable to connect to Redis; nested exception is io.lettuce.core.RedisConnectionException: Unable to connect to 127.0.0.1:6379
	at org.springframework.data.redis.connection.lettuce.LettuceConnectionFactory$SharedConnection.getNativeConnection(LettuceConnectionFactory.java:1111)
	at org.springframework.data.redis.connection.lettuce.LettuceConnectionFactory$SharedConnection.getConnection(LettuceConnectionFactory.java:1084)
	at org.springframework.data.redis.connection.lettuce.LettuceConnectionFactory.getSharedConnection(LettuceConnectionFactory.java:866)
	at org.springframework.data.redis.connection.lettuce.LettuceConnectionFactory.getConnection(LettuceConnectionFactory.java:341)
	at org.springframework.data.redis.core.RedisConnectionUtils.doGetConnection(RedisConnectionUtils.java:132)
	at org.springframework.data.redis.core.RedisConnectionUtils.getConnection(RedisConnectionUtils.java:95)
	at org.springframework.data.redis.core.RedisConnectionUtils.getConnection(RedisConnectionUtils.java:82)
	at org.springframework.data.redis.core.RedisTemplate.execute(RedisTemplate.java:211)
	at org.springframework.data.redis.core.RedisTemplate.execute(RedisTemplate.java:184)
	at org.springframework.data.redis.core.RedisTemplate.hasKey(RedisTemplate.java:769)
	at com.example.task.ScaleRedisTask.queryLastFiveIdList(ScaleRedisTask.java:184)
	at com.example.task.ScaleRedisTask.push(ScaleRedisTask.java:71)
	at com.example.task.ScaleRedisTask$$FastClassBySpringCGLIB$$afb5cdae.invoke(<generated>)
	at org.springframework.cglib.proxy.MethodProxy.invoke(MethodProxy.java:218)
	at org.springframework.aop.framework.CglibAopProxy$CglibMethodInvocation.invokeJoinpoint(CglibAopProxy.java:749)
	at org.springframework.aop.framework.ReflectiveMethodInvocation.proceed(ReflectiveMethodInvocation.java:163)
	at org.springframework.aop.interceptor.AsyncExecutionInterceptor.lambda$invoke$0(AsyncExecutionInterceptor.java:115)
	at java.util.concurrent.FutureTask.run$$$capture(FutureTask.java:266)
	at java.util.concurrent.FutureTask.run(FutureTask.java)
	at java.util.concurrent.ThreadPoolExecutor.runWorker(ThreadPoolExecutor.java:1149)
	at java.util.concurrent.ThreadPoolExecutor$Worker.run(ThreadPoolExecutor.java:624)
	at java.lang.Thread.run(Thread.java:748)
Caused by: io.lettuce.core.RedisConnectionException: Unable to connect to 127.0.0.1:6379
	at io.lettuce.core.RedisConnectionException.create(RedisConnectionException.java:78)
	at io.lettuce.core.RedisConnectionException.create(RedisConnectionException.java:56)
	at io.lettuce.core.AbstractRedisClient.getConnection(AbstractRedisClient.java:235)
	at io.lettuce.core.RedisClient.connect(RedisClient.java:204)
	at org.springframework.data.redis.connection.lettuce.StandaloneConnectionProvider.lambda$getConnection$1(StandaloneConnectionProvider.java:113)
	at java.util.Optional.orElseGet(Optional.java:267)
	at org.springframework.data.redis.connection.lettuce.StandaloneConnectionProvider.getConnection(StandaloneConnectionProvider.java:113)
	at org.springframework.data.redis.connection.lettuce.LettuceConnectionFactory$SharedConnection.getNativeConnection(LettuceConnectionFactory.java:1104)
	... 21 common frames omitted
Caused by: io.netty.channel.AbstractChannel$AnnotatedConnectException: Connection refused: no further information: /127.0.0.1:6379
	at sun.nio.ch.SocketChannelImpl.checkConnect(Native Method)
	at sun.nio.ch.SocketChannelImpl.finishConnect(SocketChannelImpl.java:717)
	at io.netty.channel.socket.nio.NioSocketChannel.doFinishConnect(NioSocketChannel.java:327)
	at io.netty.channel.nio.AbstractNioChannel$AbstractNioUnsafe.finishConnect(AbstractNioChannel.java:340)
	at io.netty.channel.nio.NioEventLoop.processSelectedKey(NioEventLoop.java:665)
	at io.netty.channel.nio.NioEventLoop.processSelectedKeysOptimized(NioEventLoop.java:612)
	at io.netty.channel.nio.NioEventLoop.processSelectedKeys(NioEventLoop.java:529)
	at io.netty.channel.nio.NioEventLoop.run(NioEventLoop.java:491)
	at io.netty.util.concurrent.SingleThreadEventExecutor$5.run(SingleThreadEventExecutor.java:905)
	at io.netty.util.concurrent.FastThreadLocalRunnable.run(FastThreadLocalRunnable.java:30)
	... 1 common frames omitted
Caused by: java.net.ConnectException: Connection refused: no further information
	... 11 common frames omitted
2025-08-06 17:00:02 [task-18] ERROR o.s.a.i.SimpleAsyncUncaughtExceptionHandler - Unexpected exception occurred invoking async method: public void com.example.task.ScaleRedisTask.push()
org.springframework.data.redis.RedisConnectionFailureException: Unable to connect to Redis; nested exception is io.lettuce.core.RedisConnectionException: Unable to connect to 127.0.0.1:6379
	at org.springframework.data.redis.connection.lettuce.LettuceConnectionFactory$SharedConnection.getNativeConnection(LettuceConnectionFactory.java:1111)
	at org.springframework.data.redis.connection.lettuce.LettuceConnectionFactory$SharedConnection.getConnection(LettuceConnectionFactory.java:1084)
	at org.springframework.data.redis.connection.lettuce.LettuceConnectionFactory.getSharedConnection(LettuceConnectionFactory.java:866)
	at org.springframework.data.redis.connection.lettuce.LettuceConnectionFactory.getConnection(LettuceConnectionFactory.java:341)
	at org.springframework.data.redis.core.RedisConnectionUtils.doGetConnection(RedisConnectionUtils.java:132)
	at org.springframework.data.redis.core.RedisConnectionUtils.getConnection(RedisConnectionUtils.java:95)
	at org.springframework.data.redis.core.RedisConnectionUtils.getConnection(RedisConnectionUtils.java:82)
	at org.springframework.data.redis.core.RedisTemplate.execute(RedisTemplate.java:211)
	at org.springframework.data.redis.core.RedisTemplate.execute(RedisTemplate.java:184)
	at org.springframework.data.redis.core.RedisTemplate.hasKey(RedisTemplate.java:769)
	at com.example.task.ScaleRedisTask.queryLastFiveIdList(ScaleRedisTask.java:184)
	at com.example.task.ScaleRedisTask.push(ScaleRedisTask.java:71)
	at com.example.task.ScaleRedisTask$$FastClassBySpringCGLIB$$afb5cdae.invoke(<generated>)
	at org.springframework.cglib.proxy.MethodProxy.invoke(MethodProxy.java:218)
	at org.springframework.aop.framework.CglibAopProxy$CglibMethodInvocation.invokeJoinpoint(CglibAopProxy.java:749)
	at org.springframework.aop.framework.ReflectiveMethodInvocation.proceed(ReflectiveMethodInvocation.java:163)
	at org.springframework.aop.interceptor.AsyncExecutionInterceptor.lambda$invoke$0(AsyncExecutionInterceptor.java:115)
	at java.util.concurrent.FutureTask.run$$$capture(FutureTask.java:266)
	at java.util.concurrent.FutureTask.run(FutureTask.java)
	at java.util.concurrent.ThreadPoolExecutor.runWorker(ThreadPoolExecutor.java:1149)
	at java.util.concurrent.ThreadPoolExecutor$Worker.run(ThreadPoolExecutor.java:624)
	at java.lang.Thread.run(Thread.java:748)
Caused by: io.lettuce.core.RedisConnectionException: Unable to connect to 127.0.0.1:6379
	at io.lettuce.core.RedisConnectionException.create(RedisConnectionException.java:78)
	at io.lettuce.core.RedisConnectionException.create(RedisConnectionException.java:56)
	at io.lettuce.core.AbstractRedisClient.getConnection(AbstractRedisClient.java:235)
	at io.lettuce.core.RedisClient.connect(RedisClient.java:204)
	at org.springframework.data.redis.connection.lettuce.StandaloneConnectionProvider.lambda$getConnection$1(StandaloneConnectionProvider.java:113)
	at java.util.Optional.orElseGet(Optional.java:267)
	at org.springframework.data.redis.connection.lettuce.StandaloneConnectionProvider.getConnection(StandaloneConnectionProvider.java:113)
	at org.springframework.data.redis.connection.lettuce.LettuceConnectionFactory$SharedConnection.getNativeConnection(LettuceConnectionFactory.java:1104)
	... 21 common frames omitted
Caused by: io.netty.channel.AbstractChannel$AnnotatedConnectException: Connection refused: no further information: /127.0.0.1:6379
	at sun.nio.ch.SocketChannelImpl.checkConnect(Native Method)
	at sun.nio.ch.SocketChannelImpl.finishConnect(SocketChannelImpl.java:717)
	at io.netty.channel.socket.nio.NioSocketChannel.doFinishConnect(NioSocketChannel.java:327)
	at io.netty.channel.nio.AbstractNioChannel$AbstractNioUnsafe.finishConnect(AbstractNioChannel.java:340)
	at io.netty.channel.nio.NioEventLoop.processSelectedKey(NioEventLoop.java:665)
	at io.netty.channel.nio.NioEventLoop.processSelectedKeysOptimized(NioEventLoop.java:612)
	at io.netty.channel.nio.NioEventLoop.processSelectedKeys(NioEventLoop.java:529)
	at io.netty.channel.nio.NioEventLoop.run(NioEventLoop.java:491)
	at io.netty.util.concurrent.SingleThreadEventExecutor$5.run(SingleThreadEventExecutor.java:905)
	at io.netty.util.concurrent.FastThreadLocalRunnable.run(FastThreadLocalRunnable.java:30)
	... 1 common frames omitted
Caused by: java.net.ConnectException: Connection refused: no further information
	... 11 common frames omitted
2025-08-06 17:05:02 [task-19] ERROR o.s.a.i.SimpleAsyncUncaughtExceptionHandler - Unexpected exception occurred invoking async method: public void com.example.task.ScaleRedisTask.push()
org.springframework.data.redis.RedisConnectionFailureException: Unable to connect to Redis; nested exception is io.lettuce.core.RedisConnectionException: Unable to connect to 127.0.0.1:6379
	at org.springframework.data.redis.connection.lettuce.LettuceConnectionFactory$SharedConnection.getNativeConnection(LettuceConnectionFactory.java:1111)
	at org.springframework.data.redis.connection.lettuce.LettuceConnectionFactory$SharedConnection.getConnection(LettuceConnectionFactory.java:1084)
	at org.springframework.data.redis.connection.lettuce.LettuceConnectionFactory.getSharedConnection(LettuceConnectionFactory.java:866)
	at org.springframework.data.redis.connection.lettuce.LettuceConnectionFactory.getConnection(LettuceConnectionFactory.java:341)
	at org.springframework.data.redis.core.RedisConnectionUtils.doGetConnection(RedisConnectionUtils.java:132)
	at org.springframework.data.redis.core.RedisConnectionUtils.getConnection(RedisConnectionUtils.java:95)
	at org.springframework.data.redis.core.RedisConnectionUtils.getConnection(RedisConnectionUtils.java:82)
	at org.springframework.data.redis.core.RedisTemplate.execute(RedisTemplate.java:211)
	at org.springframework.data.redis.core.RedisTemplate.execute(RedisTemplate.java:184)
	at org.springframework.data.redis.core.RedisTemplate.hasKey(RedisTemplate.java:769)
	at com.example.task.ScaleRedisTask.queryLastFiveIdList(ScaleRedisTask.java:184)
	at com.example.task.ScaleRedisTask.push(ScaleRedisTask.java:71)
	at com.example.task.ScaleRedisTask$$FastClassBySpringCGLIB$$afb5cdae.invoke(<generated>)
	at org.springframework.cglib.proxy.MethodProxy.invoke(MethodProxy.java:218)
	at org.springframework.aop.framework.CglibAopProxy$CglibMethodInvocation.invokeJoinpoint(CglibAopProxy.java:749)
	at org.springframework.aop.framework.ReflectiveMethodInvocation.proceed(ReflectiveMethodInvocation.java:163)
	at org.springframework.aop.interceptor.AsyncExecutionInterceptor.lambda$invoke$0(AsyncExecutionInterceptor.java:115)
	at java.util.concurrent.FutureTask.run$$$capture(FutureTask.java:266)
	at java.util.concurrent.FutureTask.run(FutureTask.java)
	at java.util.concurrent.ThreadPoolExecutor.runWorker(ThreadPoolExecutor.java:1149)
	at java.util.concurrent.ThreadPoolExecutor$Worker.run(ThreadPoolExecutor.java:624)
	at java.lang.Thread.run(Thread.java:748)
Caused by: io.lettuce.core.RedisConnectionException: Unable to connect to 127.0.0.1:6379
	at io.lettuce.core.RedisConnectionException.create(RedisConnectionException.java:78)
	at io.lettuce.core.RedisConnectionException.create(RedisConnectionException.java:56)
	at io.lettuce.core.AbstractRedisClient.getConnection(AbstractRedisClient.java:235)
	at io.lettuce.core.RedisClient.connect(RedisClient.java:204)
	at org.springframework.data.redis.connection.lettuce.StandaloneConnectionProvider.lambda$getConnection$1(StandaloneConnectionProvider.java:113)
	at java.util.Optional.orElseGet(Optional.java:267)
	at org.springframework.data.redis.connection.lettuce.StandaloneConnectionProvider.getConnection(StandaloneConnectionProvider.java:113)
	at org.springframework.data.redis.connection.lettuce.LettuceConnectionFactory$SharedConnection.getNativeConnection(LettuceConnectionFactory.java:1104)
	... 21 common frames omitted
Caused by: io.netty.channel.AbstractChannel$AnnotatedConnectException: Connection refused: no further information: /127.0.0.1:6379
	at sun.nio.ch.SocketChannelImpl.checkConnect(Native Method)
	at sun.nio.ch.SocketChannelImpl.finishConnect(SocketChannelImpl.java:717)
	at io.netty.channel.socket.nio.NioSocketChannel.doFinishConnect(NioSocketChannel.java:327)
	at io.netty.channel.nio.AbstractNioChannel$AbstractNioUnsafe.finishConnect(AbstractNioChannel.java:340)
	at io.netty.channel.nio.NioEventLoop.processSelectedKey(NioEventLoop.java:665)
	at io.netty.channel.nio.NioEventLoop.processSelectedKeysOptimized(NioEventLoop.java:612)
	at io.netty.channel.nio.NioEventLoop.processSelectedKeys(NioEventLoop.java:529)
	at io.netty.channel.nio.NioEventLoop.run(NioEventLoop.java:491)
	at io.netty.util.concurrent.SingleThreadEventExecutor$5.run(SingleThreadEventExecutor.java:905)
	at io.netty.util.concurrent.FastThreadLocalRunnable.run(FastThreadLocalRunnable.java:30)
	... 1 common frames omitted
Caused by: java.net.ConnectException: Connection refused: no further information
	... 11 common frames omitted
2025-08-06 17:10:02 [task-20] ERROR o.s.a.i.SimpleAsyncUncaughtExceptionHandler - Unexpected exception occurred invoking async method: public void com.example.task.ScaleRedisTask.push()
org.springframework.data.redis.RedisConnectionFailureException: Unable to connect to Redis; nested exception is io.lettuce.core.RedisConnectionException: Unable to connect to 127.0.0.1:6379
	at org.springframework.data.redis.connection.lettuce.LettuceConnectionFactory$SharedConnection.getNativeConnection(LettuceConnectionFactory.java:1111)
	at org.springframework.data.redis.connection.lettuce.LettuceConnectionFactory$SharedConnection.getConnection(LettuceConnectionFactory.java:1084)
	at org.springframework.data.redis.connection.lettuce.LettuceConnectionFactory.getSharedConnection(LettuceConnectionFactory.java:866)
	at org.springframework.data.redis.connection.lettuce.LettuceConnectionFactory.getConnection(LettuceConnectionFactory.java:341)
	at org.springframework.data.redis.core.RedisConnectionUtils.doGetConnection(RedisConnectionUtils.java:132)
	at org.springframework.data.redis.core.RedisConnectionUtils.getConnection(RedisConnectionUtils.java:95)
	at org.springframework.data.redis.core.RedisConnectionUtils.getConnection(RedisConnectionUtils.java:82)
	at org.springframework.data.redis.core.RedisTemplate.execute(RedisTemplate.java:211)
	at org.springframework.data.redis.core.RedisTemplate.execute(RedisTemplate.java:184)
	at org.springframework.data.redis.core.RedisTemplate.hasKey(RedisTemplate.java:769)
	at com.example.task.ScaleRedisTask.queryLastFiveIdList(ScaleRedisTask.java:184)
	at com.example.task.ScaleRedisTask.push(ScaleRedisTask.java:71)
	at com.example.task.ScaleRedisTask$$FastClassBySpringCGLIB$$afb5cdae.invoke(<generated>)
	at org.springframework.cglib.proxy.MethodProxy.invoke(MethodProxy.java:218)
	at org.springframework.aop.framework.CglibAopProxy$CglibMethodInvocation.invokeJoinpoint(CglibAopProxy.java:749)
	at org.springframework.aop.framework.ReflectiveMethodInvocation.proceed(ReflectiveMethodInvocation.java:163)
	at org.springframework.aop.interceptor.AsyncExecutionInterceptor.lambda$invoke$0(AsyncExecutionInterceptor.java:115)
	at java.util.concurrent.FutureTask.run$$$capture(FutureTask.java:266)
	at java.util.concurrent.FutureTask.run(FutureTask.java)
	at java.util.concurrent.ThreadPoolExecutor.runWorker(ThreadPoolExecutor.java:1149)
	at java.util.concurrent.ThreadPoolExecutor$Worker.run(ThreadPoolExecutor.java:624)
	at java.lang.Thread.run(Thread.java:748)
Caused by: io.lettuce.core.RedisConnectionException: Unable to connect to 127.0.0.1:6379
	at io.lettuce.core.RedisConnectionException.create(RedisConnectionException.java:78)
	at io.lettuce.core.RedisConnectionException.create(RedisConnectionException.java:56)
	at io.lettuce.core.AbstractRedisClient.getConnection(AbstractRedisClient.java:235)
	at io.lettuce.core.RedisClient.connect(RedisClient.java:204)
	at org.springframework.data.redis.connection.lettuce.StandaloneConnectionProvider.lambda$getConnection$1(StandaloneConnectionProvider.java:113)
	at java.util.Optional.orElseGet(Optional.java:267)
	at org.springframework.data.redis.connection.lettuce.StandaloneConnectionProvider.getConnection(StandaloneConnectionProvider.java:113)
	at org.springframework.data.redis.connection.lettuce.LettuceConnectionFactory$SharedConnection.getNativeConnection(LettuceConnectionFactory.java:1104)
	... 21 common frames omitted
Caused by: io.netty.channel.AbstractChannel$AnnotatedConnectException: Connection refused: no further information: /127.0.0.1:6379
	at sun.nio.ch.SocketChannelImpl.checkConnect(Native Method)
	at sun.nio.ch.SocketChannelImpl.finishConnect(SocketChannelImpl.java:717)
	at io.netty.channel.socket.nio.NioSocketChannel.doFinishConnect(NioSocketChannel.java:327)
	at io.netty.channel.nio.AbstractNioChannel$AbstractNioUnsafe.finishConnect(AbstractNioChannel.java:340)
	at io.netty.channel.nio.NioEventLoop.processSelectedKey(NioEventLoop.java:665)
	at io.netty.channel.nio.NioEventLoop.processSelectedKeysOptimized(NioEventLoop.java:612)
	at io.netty.channel.nio.NioEventLoop.processSelectedKeys(NioEventLoop.java:529)
	at io.netty.channel.nio.NioEventLoop.run(NioEventLoop.java:491)
	at io.netty.util.concurrent.SingleThreadEventExecutor$5.run(SingleThreadEventExecutor.java:905)
	at io.netty.util.concurrent.FastThreadLocalRunnable.run(FastThreadLocalRunnable.java:30)
	... 1 common frames omitted
Caused by: java.net.ConnectException: Connection refused: no further information
	... 11 common frames omitted
2025-08-06 17:15:02 [task-21] ERROR o.s.a.i.SimpleAsyncUncaughtExceptionHandler - Unexpected exception occurred invoking async method: public void com.example.task.ScaleRedisTask.push()
org.springframework.data.redis.RedisConnectionFailureException: Unable to connect to Redis; nested exception is io.lettuce.core.RedisConnectionException: Unable to connect to 127.0.0.1:6379
	at org.springframework.data.redis.connection.lettuce.LettuceConnectionFactory$SharedConnection.getNativeConnection(LettuceConnectionFactory.java:1111)
	at org.springframework.data.redis.connection.lettuce.LettuceConnectionFactory$SharedConnection.getConnection(LettuceConnectionFactory.java:1084)
	at org.springframework.data.redis.connection.lettuce.LettuceConnectionFactory.getSharedConnection(LettuceConnectionFactory.java:866)
	at org.springframework.data.redis.connection.lettuce.LettuceConnectionFactory.getConnection(LettuceConnectionFactory.java:341)
	at org.springframework.data.redis.core.RedisConnectionUtils.doGetConnection(RedisConnectionUtils.java:132)
	at org.springframework.data.redis.core.RedisConnectionUtils.getConnection(RedisConnectionUtils.java:95)
	at org.springframework.data.redis.core.RedisConnectionUtils.getConnection(RedisConnectionUtils.java:82)
	at org.springframework.data.redis.core.RedisTemplate.execute(RedisTemplate.java:211)
	at org.springframework.data.redis.core.RedisTemplate.execute(RedisTemplate.java:184)
	at org.springframework.data.redis.core.RedisTemplate.hasKey(RedisTemplate.java:769)
	at com.example.task.ScaleRedisTask.queryLastFiveIdList(ScaleRedisTask.java:184)
	at com.example.task.ScaleRedisTask.push(ScaleRedisTask.java:71)
	at com.example.task.ScaleRedisTask$$FastClassBySpringCGLIB$$afb5cdae.invoke(<generated>)
	at org.springframework.cglib.proxy.MethodProxy.invoke(MethodProxy.java:218)
	at org.springframework.aop.framework.CglibAopProxy$CglibMethodInvocation.invokeJoinpoint(CglibAopProxy.java:749)
	at org.springframework.aop.framework.ReflectiveMethodInvocation.proceed(ReflectiveMethodInvocation.java:163)
	at org.springframework.aop.interceptor.AsyncExecutionInterceptor.lambda$invoke$0(AsyncExecutionInterceptor.java:115)
	at java.util.concurrent.FutureTask.run$$$capture(FutureTask.java:266)
	at java.util.concurrent.FutureTask.run(FutureTask.java)
	at java.util.concurrent.ThreadPoolExecutor.runWorker(ThreadPoolExecutor.java:1149)
	at java.util.concurrent.ThreadPoolExecutor$Worker.run(ThreadPoolExecutor.java:624)
	at java.lang.Thread.run(Thread.java:748)
Caused by: io.lettuce.core.RedisConnectionException: Unable to connect to 127.0.0.1:6379
	at io.lettuce.core.RedisConnectionException.create(RedisConnectionException.java:78)
	at io.lettuce.core.RedisConnectionException.create(RedisConnectionException.java:56)
	at io.lettuce.core.AbstractRedisClient.getConnection(AbstractRedisClient.java:235)
	at io.lettuce.core.RedisClient.connect(RedisClient.java:204)
	at org.springframework.data.redis.connection.lettuce.StandaloneConnectionProvider.lambda$getConnection$1(StandaloneConnectionProvider.java:113)
	at java.util.Optional.orElseGet(Optional.java:267)
	at org.springframework.data.redis.connection.lettuce.StandaloneConnectionProvider.getConnection(StandaloneConnectionProvider.java:113)
	at org.springframework.data.redis.connection.lettuce.LettuceConnectionFactory$SharedConnection.getNativeConnection(LettuceConnectionFactory.java:1104)
	... 21 common frames omitted
Caused by: io.netty.channel.AbstractChannel$AnnotatedConnectException: Connection refused: no further information: /127.0.0.1:6379
	at sun.nio.ch.SocketChannelImpl.checkConnect(Native Method)
	at sun.nio.ch.SocketChannelImpl.finishConnect(SocketChannelImpl.java:717)
	at io.netty.channel.socket.nio.NioSocketChannel.doFinishConnect(NioSocketChannel.java:327)
	at io.netty.channel.nio.AbstractNioChannel$AbstractNioUnsafe.finishConnect(AbstractNioChannel.java:340)
	at io.netty.channel.nio.NioEventLoop.processSelectedKey(NioEventLoop.java:665)
	at io.netty.channel.nio.NioEventLoop.processSelectedKeysOptimized(NioEventLoop.java:612)
	at io.netty.channel.nio.NioEventLoop.processSelectedKeys(NioEventLoop.java:529)
	at io.netty.channel.nio.NioEventLoop.run(NioEventLoop.java:491)
	at io.netty.util.concurrent.SingleThreadEventExecutor$5.run(SingleThreadEventExecutor.java:905)
	at io.netty.util.concurrent.FastThreadLocalRunnable.run(FastThreadLocalRunnable.java:30)
	... 1 common frames omitted
Caused by: java.net.ConnectException: Connection refused: no further information
	... 11 common frames omitted
2025-08-06 17:20:02 [task-22] ERROR o.s.a.i.SimpleAsyncUncaughtExceptionHandler - Unexpected exception occurred invoking async method: public void com.example.task.ScaleRedisTask.push()
org.springframework.data.redis.RedisConnectionFailureException: Unable to connect to Redis; nested exception is io.lettuce.core.RedisConnectionException: Unable to connect to 127.0.0.1:6379
	at org.springframework.data.redis.connection.lettuce.LettuceConnectionFactory$SharedConnection.getNativeConnection(LettuceConnectionFactory.java:1111)
	at org.springframework.data.redis.connection.lettuce.LettuceConnectionFactory$SharedConnection.getConnection(LettuceConnectionFactory.java:1084)
	at org.springframework.data.redis.connection.lettuce.LettuceConnectionFactory.getSharedConnection(LettuceConnectionFactory.java:866)
	at org.springframework.data.redis.connection.lettuce.LettuceConnectionFactory.getConnection(LettuceConnectionFactory.java:341)
	at org.springframework.data.redis.core.RedisConnectionUtils.doGetConnection(RedisConnectionUtils.java:132)
	at org.springframework.data.redis.core.RedisConnectionUtils.getConnection(RedisConnectionUtils.java:95)
	at org.springframework.data.redis.core.RedisConnectionUtils.getConnection(RedisConnectionUtils.java:82)
	at org.springframework.data.redis.core.RedisTemplate.execute(RedisTemplate.java:211)
	at org.springframework.data.redis.core.RedisTemplate.execute(RedisTemplate.java:184)
	at org.springframework.data.redis.core.RedisTemplate.hasKey(RedisTemplate.java:769)
	at com.example.task.ScaleRedisTask.queryLastFiveIdList(ScaleRedisTask.java:184)
	at com.example.task.ScaleRedisTask.push(ScaleRedisTask.java:71)
	at com.example.task.ScaleRedisTask$$FastClassBySpringCGLIB$$afb5cdae.invoke(<generated>)
	at org.springframework.cglib.proxy.MethodProxy.invoke(MethodProxy.java:218)
	at org.springframework.aop.framework.CglibAopProxy$CglibMethodInvocation.invokeJoinpoint(CglibAopProxy.java:749)
	at org.springframework.aop.framework.ReflectiveMethodInvocation.proceed(ReflectiveMethodInvocation.java:163)
	at org.springframework.aop.interceptor.AsyncExecutionInterceptor.lambda$invoke$0(AsyncExecutionInterceptor.java:115)
	at java.util.concurrent.FutureTask.run$$$capture(FutureTask.java:266)
	at java.util.concurrent.FutureTask.run(FutureTask.java)
	at java.util.concurrent.ThreadPoolExecutor.runWorker(ThreadPoolExecutor.java:1149)
	at java.util.concurrent.ThreadPoolExecutor$Worker.run(ThreadPoolExecutor.java:624)
	at java.lang.Thread.run(Thread.java:748)
Caused by: io.lettuce.core.RedisConnectionException: Unable to connect to 127.0.0.1:6379
	at io.lettuce.core.RedisConnectionException.create(RedisConnectionException.java:78)
	at io.lettuce.core.RedisConnectionException.create(RedisConnectionException.java:56)
	at io.lettuce.core.AbstractRedisClient.getConnection(AbstractRedisClient.java:235)
	at io.lettuce.core.RedisClient.connect(RedisClient.java:204)
	at org.springframework.data.redis.connection.lettuce.StandaloneConnectionProvider.lambda$getConnection$1(StandaloneConnectionProvider.java:113)
	at java.util.Optional.orElseGet(Optional.java:267)
	at org.springframework.data.redis.connection.lettuce.StandaloneConnectionProvider.getConnection(StandaloneConnectionProvider.java:113)
	at org.springframework.data.redis.connection.lettuce.LettuceConnectionFactory$SharedConnection.getNativeConnection(LettuceConnectionFactory.java:1104)
	... 21 common frames omitted
Caused by: io.netty.channel.AbstractChannel$AnnotatedConnectException: Connection refused: no further information: /127.0.0.1:6379
	at sun.nio.ch.SocketChannelImpl.checkConnect(Native Method)
	at sun.nio.ch.SocketChannelImpl.finishConnect(SocketChannelImpl.java:717)
	at io.netty.channel.socket.nio.NioSocketChannel.doFinishConnect(NioSocketChannel.java:327)
	at io.netty.channel.nio.AbstractNioChannel$AbstractNioUnsafe.finishConnect(AbstractNioChannel.java:340)
	at io.netty.channel.nio.NioEventLoop.processSelectedKey(NioEventLoop.java:665)
	at io.netty.channel.nio.NioEventLoop.processSelectedKeysOptimized(NioEventLoop.java:612)
	at io.netty.channel.nio.NioEventLoop.processSelectedKeys(NioEventLoop.java:529)
	at io.netty.channel.nio.NioEventLoop.run(NioEventLoop.java:491)
	at io.netty.util.concurrent.SingleThreadEventExecutor$5.run(SingleThreadEventExecutor.java:905)
	at io.netty.util.concurrent.FastThreadLocalRunnable.run(FastThreadLocalRunnable.java:30)
	... 1 common frames omitted
Caused by: java.net.ConnectException: Connection refused: no further information
	... 11 common frames omitted
2025-08-06 17:25:02 [task-23] ERROR o.s.a.i.SimpleAsyncUncaughtExceptionHandler - Unexpected exception occurred invoking async method: public void com.example.task.ScaleRedisTask.push()
org.springframework.data.redis.RedisConnectionFailureException: Unable to connect to Redis; nested exception is io.lettuce.core.RedisConnectionException: Unable to connect to 127.0.0.1:6379
	at org.springframework.data.redis.connection.lettuce.LettuceConnectionFactory$SharedConnection.getNativeConnection(LettuceConnectionFactory.java:1111)
	at org.springframework.data.redis.connection.lettuce.LettuceConnectionFactory$SharedConnection.getConnection(LettuceConnectionFactory.java:1084)
	at org.springframework.data.redis.connection.lettuce.LettuceConnectionFactory.getSharedConnection(LettuceConnectionFactory.java:866)
	at org.springframework.data.redis.connection.lettuce.LettuceConnectionFactory.getConnection(LettuceConnectionFactory.java:341)
	at org.springframework.data.redis.core.RedisConnectionUtils.doGetConnection(RedisConnectionUtils.java:132)
	at org.springframework.data.redis.core.RedisConnectionUtils.getConnection(RedisConnectionUtils.java:95)
	at org.springframework.data.redis.core.RedisConnectionUtils.getConnection(RedisConnectionUtils.java:82)
	at org.springframework.data.redis.core.RedisTemplate.execute(RedisTemplate.java:211)
	at org.springframework.data.redis.core.RedisTemplate.execute(RedisTemplate.java:184)
	at org.springframework.data.redis.core.RedisTemplate.hasKey(RedisTemplate.java:769)
	at com.example.task.ScaleRedisTask.queryLastFiveIdList(ScaleRedisTask.java:184)
	at com.example.task.ScaleRedisTask.push(ScaleRedisTask.java:71)
	at com.example.task.ScaleRedisTask$$FastClassBySpringCGLIB$$afb5cdae.invoke(<generated>)
	at org.springframework.cglib.proxy.MethodProxy.invoke(MethodProxy.java:218)
	at org.springframework.aop.framework.CglibAopProxy$CglibMethodInvocation.invokeJoinpoint(CglibAopProxy.java:749)
	at org.springframework.aop.framework.ReflectiveMethodInvocation.proceed(ReflectiveMethodInvocation.java:163)
	at org.springframework.aop.interceptor.AsyncExecutionInterceptor.lambda$invoke$0(AsyncExecutionInterceptor.java:115)
	at java.util.concurrent.FutureTask.run$$$capture(FutureTask.java:266)
	at java.util.concurrent.FutureTask.run(FutureTask.java)
	at java.util.concurrent.ThreadPoolExecutor.runWorker(ThreadPoolExecutor.java:1149)
	at java.util.concurrent.ThreadPoolExecutor$Worker.run(ThreadPoolExecutor.java:624)
	at java.lang.Thread.run(Thread.java:748)
Caused by: io.lettuce.core.RedisConnectionException: Unable to connect to 127.0.0.1:6379
	at io.lettuce.core.RedisConnectionException.create(RedisConnectionException.java:78)
	at io.lettuce.core.RedisConnectionException.create(RedisConnectionException.java:56)
	at io.lettuce.core.AbstractRedisClient.getConnection(AbstractRedisClient.java:235)
	at io.lettuce.core.RedisClient.connect(RedisClient.java:204)
	at org.springframework.data.redis.connection.lettuce.StandaloneConnectionProvider.lambda$getConnection$1(StandaloneConnectionProvider.java:113)
	at java.util.Optional.orElseGet(Optional.java:267)
	at org.springframework.data.redis.connection.lettuce.StandaloneConnectionProvider.getConnection(StandaloneConnectionProvider.java:113)
	at org.springframework.data.redis.connection.lettuce.LettuceConnectionFactory$SharedConnection.getNativeConnection(LettuceConnectionFactory.java:1104)
	... 21 common frames omitted
Caused by: io.netty.channel.AbstractChannel$AnnotatedConnectException: Connection refused: no further information: /127.0.0.1:6379
	at sun.nio.ch.SocketChannelImpl.checkConnect(Native Method)
	at sun.nio.ch.SocketChannelImpl.finishConnect(SocketChannelImpl.java:717)
	at io.netty.channel.socket.nio.NioSocketChannel.doFinishConnect(NioSocketChannel.java:327)
	at io.netty.channel.nio.AbstractNioChannel$AbstractNioUnsafe.finishConnect(AbstractNioChannel.java:340)
	at io.netty.channel.nio.NioEventLoop.processSelectedKey(NioEventLoop.java:665)
	at io.netty.channel.nio.NioEventLoop.processSelectedKeysOptimized(NioEventLoop.java:612)
	at io.netty.channel.nio.NioEventLoop.processSelectedKeys(NioEventLoop.java:529)
	at io.netty.channel.nio.NioEventLoop.run(NioEventLoop.java:491)
	at io.netty.util.concurrent.SingleThreadEventExecutor$5.run(SingleThreadEventExecutor.java:905)
	at io.netty.util.concurrent.FastThreadLocalRunnable.run(FastThreadLocalRunnable.java:30)
	... 1 common frames omitted
Caused by: java.net.ConnectException: Connection refused: no further information
	... 11 common frames omitted
2025-08-06 17:30:02 [task-24] ERROR o.s.a.i.SimpleAsyncUncaughtExceptionHandler - Unexpected exception occurred invoking async method: public void com.example.task.ScaleRedisTask.push()
org.springframework.data.redis.RedisConnectionFailureException: Unable to connect to Redis; nested exception is io.lettuce.core.RedisConnectionException: Unable to connect to 127.0.0.1:6379
	at org.springframework.data.redis.connection.lettuce.LettuceConnectionFactory$SharedConnection.getNativeConnection(LettuceConnectionFactory.java:1111)
	at org.springframework.data.redis.connection.lettuce.LettuceConnectionFactory$SharedConnection.getConnection(LettuceConnectionFactory.java:1084)
	at org.springframework.data.redis.connection.lettuce.LettuceConnectionFactory.getSharedConnection(LettuceConnectionFactory.java:866)
	at org.springframework.data.redis.connection.lettuce.LettuceConnectionFactory.getConnection(LettuceConnectionFactory.java:341)
	at org.springframework.data.redis.core.RedisConnectionUtils.doGetConnection(RedisConnectionUtils.java:132)
	at org.springframework.data.redis.core.RedisConnectionUtils.getConnection(RedisConnectionUtils.java:95)
	at org.springframework.data.redis.core.RedisConnectionUtils.getConnection(RedisConnectionUtils.java:82)
	at org.springframework.data.redis.core.RedisTemplate.execute(RedisTemplate.java:211)
	at org.springframework.data.redis.core.RedisTemplate.execute(RedisTemplate.java:184)
	at org.springframework.data.redis.core.RedisTemplate.hasKey(RedisTemplate.java:769)
	at com.example.task.ScaleRedisTask.queryLastFiveIdList(ScaleRedisTask.java:184)
	at com.example.task.ScaleRedisTask.push(ScaleRedisTask.java:71)
	at com.example.task.ScaleRedisTask$$FastClassBySpringCGLIB$$afb5cdae.invoke(<generated>)
	at org.springframework.cglib.proxy.MethodProxy.invoke(MethodProxy.java:218)
	at org.springframework.aop.framework.CglibAopProxy$CglibMethodInvocation.invokeJoinpoint(CglibAopProxy.java:749)
	at org.springframework.aop.framework.ReflectiveMethodInvocation.proceed(ReflectiveMethodInvocation.java:163)
	at org.springframework.aop.interceptor.AsyncExecutionInterceptor.lambda$invoke$0(AsyncExecutionInterceptor.java:115)
	at java.util.concurrent.FutureTask.run$$$capture(FutureTask.java:266)
	at java.util.concurrent.FutureTask.run(FutureTask.java)
	at java.util.concurrent.ThreadPoolExecutor.runWorker(ThreadPoolExecutor.java:1149)
	at java.util.concurrent.ThreadPoolExecutor$Worker.run(ThreadPoolExecutor.java:624)
	at java.lang.Thread.run(Thread.java:748)
Caused by: io.lettuce.core.RedisConnectionException: Unable to connect to 127.0.0.1:6379
	at io.lettuce.core.RedisConnectionException.create(RedisConnectionException.java:78)
	at io.lettuce.core.RedisConnectionException.create(RedisConnectionException.java:56)
	at io.lettuce.core.AbstractRedisClient.getConnection(AbstractRedisClient.java:235)
	at io.lettuce.core.RedisClient.connect(RedisClient.java:204)
	at org.springframework.data.redis.connection.lettuce.StandaloneConnectionProvider.lambda$getConnection$1(StandaloneConnectionProvider.java:113)
	at java.util.Optional.orElseGet(Optional.java:267)
	at org.springframework.data.redis.connection.lettuce.StandaloneConnectionProvider.getConnection(StandaloneConnectionProvider.java:113)
	at org.springframework.data.redis.connection.lettuce.LettuceConnectionFactory$SharedConnection.getNativeConnection(LettuceConnectionFactory.java:1104)
	... 21 common frames omitted
Caused by: io.netty.channel.AbstractChannel$AnnotatedConnectException: Connection refused: no further information: /127.0.0.1:6379
	at sun.nio.ch.SocketChannelImpl.checkConnect(Native Method)
	at sun.nio.ch.SocketChannelImpl.finishConnect(SocketChannelImpl.java:717)
	at io.netty.channel.socket.nio.NioSocketChannel.doFinishConnect(NioSocketChannel.java:327)
	at io.netty.channel.nio.AbstractNioChannel$AbstractNioUnsafe.finishConnect(AbstractNioChannel.java:340)
	at io.netty.channel.nio.NioEventLoop.processSelectedKey(NioEventLoop.java:665)
	at io.netty.channel.nio.NioEventLoop.processSelectedKeysOptimized(NioEventLoop.java:612)
	at io.netty.channel.nio.NioEventLoop.processSelectedKeys(NioEventLoop.java:529)
	at io.netty.channel.nio.NioEventLoop.run(NioEventLoop.java:491)
	at io.netty.util.concurrent.SingleThreadEventExecutor$5.run(SingleThreadEventExecutor.java:905)
	at io.netty.util.concurrent.FastThreadLocalRunnable.run(FastThreadLocalRunnable.java:30)
	... 1 common frames omitted
Caused by: java.net.ConnectException: Connection refused: no further information
	... 11 common frames omitted
2025-08-06 17:35:02 [task-25] ERROR o.s.a.i.SimpleAsyncUncaughtExceptionHandler - Unexpected exception occurred invoking async method: public void com.example.task.ScaleRedisTask.push()
org.springframework.data.redis.RedisConnectionFailureException: Unable to connect to Redis; nested exception is io.lettuce.core.RedisConnectionException: Unable to connect to 127.0.0.1:6379
	at org.springframework.data.redis.connection.lettuce.LettuceConnectionFactory$SharedConnection.getNativeConnection(LettuceConnectionFactory.java:1111)
	at org.springframework.data.redis.connection.lettuce.LettuceConnectionFactory$SharedConnection.getConnection(LettuceConnectionFactory.java:1084)
	at org.springframework.data.redis.connection.lettuce.LettuceConnectionFactory.getSharedConnection(LettuceConnectionFactory.java:866)
	at org.springframework.data.redis.connection.lettuce.LettuceConnectionFactory.getConnection(LettuceConnectionFactory.java:341)
	at org.springframework.data.redis.core.RedisConnectionUtils.doGetConnection(RedisConnectionUtils.java:132)
	at org.springframework.data.redis.core.RedisConnectionUtils.getConnection(RedisConnectionUtils.java:95)
	at org.springframework.data.redis.core.RedisConnectionUtils.getConnection(RedisConnectionUtils.java:82)
	at org.springframework.data.redis.core.RedisTemplate.execute(RedisTemplate.java:211)
	at org.springframework.data.redis.core.RedisTemplate.execute(RedisTemplate.java:184)
	at org.springframework.data.redis.core.RedisTemplate.hasKey(RedisTemplate.java:769)
	at com.example.task.ScaleRedisTask.queryLastFiveIdList(ScaleRedisTask.java:184)
	at com.example.task.ScaleRedisTask.push(ScaleRedisTask.java:71)
	at com.example.task.ScaleRedisTask$$FastClassBySpringCGLIB$$afb5cdae.invoke(<generated>)
	at org.springframework.cglib.proxy.MethodProxy.invoke(MethodProxy.java:218)
	at org.springframework.aop.framework.CglibAopProxy$CglibMethodInvocation.invokeJoinpoint(CglibAopProxy.java:749)
	at org.springframework.aop.framework.ReflectiveMethodInvocation.proceed(ReflectiveMethodInvocation.java:163)
	at org.springframework.aop.interceptor.AsyncExecutionInterceptor.lambda$invoke$0(AsyncExecutionInterceptor.java:115)
	at java.util.concurrent.FutureTask.run$$$capture(FutureTask.java:266)
	at java.util.concurrent.FutureTask.run(FutureTask.java)
	at java.util.concurrent.ThreadPoolExecutor.runWorker(ThreadPoolExecutor.java:1149)
	at java.util.concurrent.ThreadPoolExecutor$Worker.run(ThreadPoolExecutor.java:624)
	at java.lang.Thread.run(Thread.java:748)
Caused by: io.lettuce.core.RedisConnectionException: Unable to connect to 127.0.0.1:6379
	at io.lettuce.core.RedisConnectionException.create(RedisConnectionException.java:78)
	at io.lettuce.core.RedisConnectionException.create(RedisConnectionException.java:56)
	at io.lettuce.core.AbstractRedisClient.getConnection(AbstractRedisClient.java:235)
	at io.lettuce.core.RedisClient.connect(RedisClient.java:204)
	at org.springframework.data.redis.connection.lettuce.StandaloneConnectionProvider.lambda$getConnection$1(StandaloneConnectionProvider.java:113)
	at java.util.Optional.orElseGet(Optional.java:267)
	at org.springframework.data.redis.connection.lettuce.StandaloneConnectionProvider.getConnection(StandaloneConnectionProvider.java:113)
	at org.springframework.data.redis.connection.lettuce.LettuceConnectionFactory$SharedConnection.getNativeConnection(LettuceConnectionFactory.java:1104)
	... 21 common frames omitted
Caused by: io.netty.channel.AbstractChannel$AnnotatedConnectException: Connection refused: no further information: /127.0.0.1:6379
	at sun.nio.ch.SocketChannelImpl.checkConnect(Native Method)
	at sun.nio.ch.SocketChannelImpl.finishConnect(SocketChannelImpl.java:717)
	at io.netty.channel.socket.nio.NioSocketChannel.doFinishConnect(NioSocketChannel.java:327)
	at io.netty.channel.nio.AbstractNioChannel$AbstractNioUnsafe.finishConnect(AbstractNioChannel.java:340)
	at io.netty.channel.nio.NioEventLoop.processSelectedKey(NioEventLoop.java:665)
	at io.netty.channel.nio.NioEventLoop.processSelectedKeysOptimized(NioEventLoop.java:612)
	at io.netty.channel.nio.NioEventLoop.processSelectedKeys(NioEventLoop.java:529)
	at io.netty.channel.nio.NioEventLoop.run(NioEventLoop.java:491)
	at io.netty.util.concurrent.SingleThreadEventExecutor$5.run(SingleThreadEventExecutor.java:905)
	at io.netty.util.concurrent.FastThreadLocalRunnable.run(FastThreadLocalRunnable.java:30)
	... 1 common frames omitted
Caused by: java.net.ConnectException: Connection refused: no further information
	... 11 common frames omitted
2025-08-06 17:40:02 [task-26] ERROR o.s.a.i.SimpleAsyncUncaughtExceptionHandler - Unexpected exception occurred invoking async method: public void com.example.task.ScaleRedisTask.push()
org.springframework.data.redis.RedisConnectionFailureException: Unable to connect to Redis; nested exception is io.lettuce.core.RedisConnectionException: Unable to connect to 127.0.0.1:6379
	at org.springframework.data.redis.connection.lettuce.LettuceConnectionFactory$SharedConnection.getNativeConnection(LettuceConnectionFactory.java:1111)
	at org.springframework.data.redis.connection.lettuce.LettuceConnectionFactory$SharedConnection.getConnection(LettuceConnectionFactory.java:1084)
	at org.springframework.data.redis.connection.lettuce.LettuceConnectionFactory.getSharedConnection(LettuceConnectionFactory.java:866)
	at org.springframework.data.redis.connection.lettuce.LettuceConnectionFactory.getConnection(LettuceConnectionFactory.java:341)
	at org.springframework.data.redis.core.RedisConnectionUtils.doGetConnection(RedisConnectionUtils.java:132)
	at org.springframework.data.redis.core.RedisConnectionUtils.getConnection(RedisConnectionUtils.java:95)
	at org.springframework.data.redis.core.RedisConnectionUtils.getConnection(RedisConnectionUtils.java:82)
	at org.springframework.data.redis.core.RedisTemplate.execute(RedisTemplate.java:211)
	at org.springframework.data.redis.core.RedisTemplate.execute(RedisTemplate.java:184)
	at org.springframework.data.redis.core.RedisTemplate.hasKey(RedisTemplate.java:769)
	at com.example.task.ScaleRedisTask.queryLastFiveIdList(ScaleRedisTask.java:184)
	at com.example.task.ScaleRedisTask.push(ScaleRedisTask.java:71)
	at com.example.task.ScaleRedisTask$$FastClassBySpringCGLIB$$afb5cdae.invoke(<generated>)
	at org.springframework.cglib.proxy.MethodProxy.invoke(MethodProxy.java:218)
	at org.springframework.aop.framework.CglibAopProxy$CglibMethodInvocation.invokeJoinpoint(CglibAopProxy.java:749)
	at org.springframework.aop.framework.ReflectiveMethodInvocation.proceed(ReflectiveMethodInvocation.java:163)
	at org.springframework.aop.interceptor.AsyncExecutionInterceptor.lambda$invoke$0(AsyncExecutionInterceptor.java:115)
	at java.util.concurrent.FutureTask.run$$$capture(FutureTask.java:266)
	at java.util.concurrent.FutureTask.run(FutureTask.java)
	at java.util.concurrent.ThreadPoolExecutor.runWorker(ThreadPoolExecutor.java:1149)
	at java.util.concurrent.ThreadPoolExecutor$Worker.run(ThreadPoolExecutor.java:624)
	at java.lang.Thread.run(Thread.java:748)
Caused by: io.lettuce.core.RedisConnectionException: Unable to connect to 127.0.0.1:6379
	at io.lettuce.core.RedisConnectionException.create(RedisConnectionException.java:78)
	at io.lettuce.core.RedisConnectionException.create(RedisConnectionException.java:56)
	at io.lettuce.core.AbstractRedisClient.getConnection(AbstractRedisClient.java:235)
	at io.lettuce.core.RedisClient.connect(RedisClient.java:204)
	at org.springframework.data.redis.connection.lettuce.StandaloneConnectionProvider.lambda$getConnection$1(StandaloneConnectionProvider.java:113)
	at java.util.Optional.orElseGet(Optional.java:267)
	at org.springframework.data.redis.connection.lettuce.StandaloneConnectionProvider.getConnection(StandaloneConnectionProvider.java:113)
	at org.springframework.data.redis.connection.lettuce.LettuceConnectionFactory$SharedConnection.getNativeConnection(LettuceConnectionFactory.java:1104)
	... 21 common frames omitted
Caused by: io.netty.channel.AbstractChannel$AnnotatedConnectException: Connection refused: no further information: /127.0.0.1:6379
	at sun.nio.ch.SocketChannelImpl.checkConnect(Native Method)
	at sun.nio.ch.SocketChannelImpl.finishConnect(SocketChannelImpl.java:717)
	at io.netty.channel.socket.nio.NioSocketChannel.doFinishConnect(NioSocketChannel.java:327)
	at io.netty.channel.nio.AbstractNioChannel$AbstractNioUnsafe.finishConnect(AbstractNioChannel.java:340)
	at io.netty.channel.nio.NioEventLoop.processSelectedKey(NioEventLoop.java:665)
	at io.netty.channel.nio.NioEventLoop.processSelectedKeysOptimized(NioEventLoop.java:612)
	at io.netty.channel.nio.NioEventLoop.processSelectedKeys(NioEventLoop.java:529)
	at io.netty.channel.nio.NioEventLoop.run(NioEventLoop.java:491)
	at io.netty.util.concurrent.SingleThreadEventExecutor$5.run(SingleThreadEventExecutor.java:905)
	at io.netty.util.concurrent.FastThreadLocalRunnable.run(FastThreadLocalRunnable.java:30)
	... 1 common frames omitted
Caused by: java.net.ConnectException: Connection refused: no further information
	... 11 common frames omitted
2025-08-06 17:45:02 [task-27] ERROR o.s.a.i.SimpleAsyncUncaughtExceptionHandler - Unexpected exception occurred invoking async method: public void com.example.task.ScaleRedisTask.push()
org.springframework.data.redis.RedisConnectionFailureException: Unable to connect to Redis; nested exception is io.lettuce.core.RedisConnectionException: Unable to connect to 127.0.0.1:6379
	at org.springframework.data.redis.connection.lettuce.LettuceConnectionFactory$SharedConnection.getNativeConnection(LettuceConnectionFactory.java:1111)
	at org.springframework.data.redis.connection.lettuce.LettuceConnectionFactory$SharedConnection.getConnection(LettuceConnectionFactory.java:1084)
	at org.springframework.data.redis.connection.lettuce.LettuceConnectionFactory.getSharedConnection(LettuceConnectionFactory.java:866)
	at org.springframework.data.redis.connection.lettuce.LettuceConnectionFactory.getConnection(LettuceConnectionFactory.java:341)
	at org.springframework.data.redis.core.RedisConnectionUtils.doGetConnection(RedisConnectionUtils.java:132)
	at org.springframework.data.redis.core.RedisConnectionUtils.getConnection(RedisConnectionUtils.java:95)
	at org.springframework.data.redis.core.RedisConnectionUtils.getConnection(RedisConnectionUtils.java:82)
	at org.springframework.data.redis.core.RedisTemplate.execute(RedisTemplate.java:211)
	at org.springframework.data.redis.core.RedisTemplate.execute(RedisTemplate.java:184)
	at org.springframework.data.redis.core.RedisTemplate.hasKey(RedisTemplate.java:769)
	at com.example.task.ScaleRedisTask.queryLastFiveIdList(ScaleRedisTask.java:184)
	at com.example.task.ScaleRedisTask.push(ScaleRedisTask.java:71)
	at com.example.task.ScaleRedisTask$$FastClassBySpringCGLIB$$afb5cdae.invoke(<generated>)
	at org.springframework.cglib.proxy.MethodProxy.invoke(MethodProxy.java:218)
	at org.springframework.aop.framework.CglibAopProxy$CglibMethodInvocation.invokeJoinpoint(CglibAopProxy.java:749)
	at org.springframework.aop.framework.ReflectiveMethodInvocation.proceed(ReflectiveMethodInvocation.java:163)
	at org.springframework.aop.interceptor.AsyncExecutionInterceptor.lambda$invoke$0(AsyncExecutionInterceptor.java:115)
	at java.util.concurrent.FutureTask.run$$$capture(FutureTask.java:266)
	at java.util.concurrent.FutureTask.run(FutureTask.java)
	at java.util.concurrent.ThreadPoolExecutor.runWorker(ThreadPoolExecutor.java:1149)
	at java.util.concurrent.ThreadPoolExecutor$Worker.run(ThreadPoolExecutor.java:624)
	at java.lang.Thread.run(Thread.java:748)
Caused by: io.lettuce.core.RedisConnectionException: Unable to connect to 127.0.0.1:6379
	at io.lettuce.core.RedisConnectionException.create(RedisConnectionException.java:78)
	at io.lettuce.core.RedisConnectionException.create(RedisConnectionException.java:56)
	at io.lettuce.core.AbstractRedisClient.getConnection(AbstractRedisClient.java:235)
	at io.lettuce.core.RedisClient.connect(RedisClient.java:204)
	at org.springframework.data.redis.connection.lettuce.StandaloneConnectionProvider.lambda$getConnection$1(StandaloneConnectionProvider.java:113)
	at java.util.Optional.orElseGet(Optional.java:267)
	at org.springframework.data.redis.connection.lettuce.StandaloneConnectionProvider.getConnection(StandaloneConnectionProvider.java:113)
	at org.springframework.data.redis.connection.lettuce.LettuceConnectionFactory$SharedConnection.getNativeConnection(LettuceConnectionFactory.java:1104)
	... 21 common frames omitted
Caused by: io.netty.channel.AbstractChannel$AnnotatedConnectException: Connection refused: no further information: /127.0.0.1:6379
	at sun.nio.ch.SocketChannelImpl.checkConnect(Native Method)
	at sun.nio.ch.SocketChannelImpl.finishConnect(SocketChannelImpl.java:717)
	at io.netty.channel.socket.nio.NioSocketChannel.doFinishConnect(NioSocketChannel.java:327)
	at io.netty.channel.nio.AbstractNioChannel$AbstractNioUnsafe.finishConnect(AbstractNioChannel.java:340)
	at io.netty.channel.nio.NioEventLoop.processSelectedKey(NioEventLoop.java:665)
	at io.netty.channel.nio.NioEventLoop.processSelectedKeysOptimized(NioEventLoop.java:612)
	at io.netty.channel.nio.NioEventLoop.processSelectedKeys(NioEventLoop.java:529)
	at io.netty.channel.nio.NioEventLoop.run(NioEventLoop.java:491)
	at io.netty.util.concurrent.SingleThreadEventExecutor$5.run(SingleThreadEventExecutor.java:905)
	at io.netty.util.concurrent.FastThreadLocalRunnable.run(FastThreadLocalRunnable.java:30)
	... 1 common frames omitted
Caused by: java.net.ConnectException: Connection refused: no further information
	... 11 common frames omitted
2025-08-06 17:50:02 [task-28] ERROR o.s.a.i.SimpleAsyncUncaughtExceptionHandler - Unexpected exception occurred invoking async method: public void com.example.task.ScaleRedisTask.push()
org.springframework.data.redis.RedisConnectionFailureException: Unable to connect to Redis; nested exception is io.lettuce.core.RedisConnectionException: Unable to connect to 127.0.0.1:6379
	at org.springframework.data.redis.connection.lettuce.LettuceConnectionFactory$SharedConnection.getNativeConnection(LettuceConnectionFactory.java:1111)
	at org.springframework.data.redis.connection.lettuce.LettuceConnectionFactory$SharedConnection.getConnection(LettuceConnectionFactory.java:1084)
	at org.springframework.data.redis.connection.lettuce.LettuceConnectionFactory.getSharedConnection(LettuceConnectionFactory.java:866)
	at org.springframework.data.redis.connection.lettuce.LettuceConnectionFactory.getConnection(LettuceConnectionFactory.java:341)
	at org.springframework.data.redis.core.RedisConnectionUtils.doGetConnection(RedisConnectionUtils.java:132)
	at org.springframework.data.redis.core.RedisConnectionUtils.getConnection(RedisConnectionUtils.java:95)
	at org.springframework.data.redis.core.RedisConnectionUtils.getConnection(RedisConnectionUtils.java:82)
	at org.springframework.data.redis.core.RedisTemplate.execute(RedisTemplate.java:211)
	at org.springframework.data.redis.core.RedisTemplate.execute(RedisTemplate.java:184)
	at org.springframework.data.redis.core.RedisTemplate.hasKey(RedisTemplate.java:769)
	at com.example.task.ScaleRedisTask.queryLastFiveIdList(ScaleRedisTask.java:184)
	at com.example.task.ScaleRedisTask.push(ScaleRedisTask.java:71)
	at com.example.task.ScaleRedisTask$$FastClassBySpringCGLIB$$afb5cdae.invoke(<generated>)
	at org.springframework.cglib.proxy.MethodProxy.invoke(MethodProxy.java:218)
	at org.springframework.aop.framework.CglibAopProxy$CglibMethodInvocation.invokeJoinpoint(CglibAopProxy.java:749)
	at org.springframework.aop.framework.ReflectiveMethodInvocation.proceed(ReflectiveMethodInvocation.java:163)
	at org.springframework.aop.interceptor.AsyncExecutionInterceptor.lambda$invoke$0(AsyncExecutionInterceptor.java:115)
	at java.util.concurrent.FutureTask.run$$$capture(FutureTask.java:266)
	at java.util.concurrent.FutureTask.run(FutureTask.java)
	at java.util.concurrent.ThreadPoolExecutor.runWorker(ThreadPoolExecutor.java:1149)
	at java.util.concurrent.ThreadPoolExecutor$Worker.run(ThreadPoolExecutor.java:624)
	at java.lang.Thread.run(Thread.java:748)
Caused by: io.lettuce.core.RedisConnectionException: Unable to connect to 127.0.0.1:6379
	at io.lettuce.core.RedisConnectionException.create(RedisConnectionException.java:78)
	at io.lettuce.core.RedisConnectionException.create(RedisConnectionException.java:56)
	at io.lettuce.core.AbstractRedisClient.getConnection(AbstractRedisClient.java:235)
	at io.lettuce.core.RedisClient.connect(RedisClient.java:204)
	at org.springframework.data.redis.connection.lettuce.StandaloneConnectionProvider.lambda$getConnection$1(StandaloneConnectionProvider.java:113)
	at java.util.Optional.orElseGet(Optional.java:267)
	at org.springframework.data.redis.connection.lettuce.StandaloneConnectionProvider.getConnection(StandaloneConnectionProvider.java:113)
	at org.springframework.data.redis.connection.lettuce.LettuceConnectionFactory$SharedConnection.getNativeConnection(LettuceConnectionFactory.java:1104)
	... 21 common frames omitted
Caused by: io.netty.channel.AbstractChannel$AnnotatedConnectException: Connection refused: no further information: /127.0.0.1:6379
	at sun.nio.ch.SocketChannelImpl.checkConnect(Native Method)
	at sun.nio.ch.SocketChannelImpl.finishConnect(SocketChannelImpl.java:717)
	at io.netty.channel.socket.nio.NioSocketChannel.doFinishConnect(NioSocketChannel.java:327)
	at io.netty.channel.nio.AbstractNioChannel$AbstractNioUnsafe.finishConnect(AbstractNioChannel.java:340)
	at io.netty.channel.nio.NioEventLoop.processSelectedKey(NioEventLoop.java:665)
	at io.netty.channel.nio.NioEventLoop.processSelectedKeysOptimized(NioEventLoop.java:612)
	at io.netty.channel.nio.NioEventLoop.processSelectedKeys(NioEventLoop.java:529)
	at io.netty.channel.nio.NioEventLoop.run(NioEventLoop.java:491)
	at io.netty.util.concurrent.SingleThreadEventExecutor$5.run(SingleThreadEventExecutor.java:905)
	at io.netty.util.concurrent.FastThreadLocalRunnable.run(FastThreadLocalRunnable.java:30)
	... 1 common frames omitted
Caused by: java.net.ConnectException: Connection refused: no further information
	... 11 common frames omitted
2025-08-06 17:51:44 [Thread-7] INFO  o.s.i.endpoint.EventDrivenConsumer - Removing {logging-channel-adapter:_org.springframework.integration.errorLogger} as a subscriber to the 'errorChannel' channel
2025-08-06 17:51:44 [Thread-7] INFO  o.s.i.c.PublishSubscribeChannel - Channel 'application.errorChannel' has 0 subscriber(s).
2025-08-06 17:51:44 [Thread-7] INFO  o.s.i.endpoint.EventDrivenConsumer - stopped _org.springframework.integration.errorLogger
2025-08-06 17:51:44 [Thread-7] INFO  o.s.s.c.ThreadPoolTaskScheduler - Shutting down ExecutorService 'taskScheduler'
2025-08-06 17:51:44 [Thread-7] INFO  o.s.s.c.ThreadPoolTaskExecutor - Shutting down ExecutorService 'applicationTaskExecutor'
2025-08-06 17:51:50 [main] INFO  c.e.AccessSpringBootApplication - Starting AccessSpringBootApplication on DESKTOP-K0VJFS9 with PID 24992 (E:\private\access_simple_master\target\classes started by Administrator in E:\private\access_simple_master)
2025-08-06 17:51:50 [main] INFO  c.e.AccessSpringBootApplication - The following profiles are active: prod
2025-08-06 17:51:50 [main] INFO  o.s.d.r.c.RepositoryConfigurationDelegate - Multiple Spring Data modules found, entering strict repository configuration mode!
2025-08-06 17:51:50 [main] INFO  o.s.d.r.c.RepositoryConfigurationDelegate - Bootstrapping Spring Data repositories in DEFAULT mode.
2025-08-06 17:51:50 [main] INFO  o.s.d.r.c.RepositoryConfigurationDelegate - Finished Spring Data repository scanning in 10ms. Found 0 repository interfaces.
2025-08-06 17:51:50 [main] INFO  o.s.i.c.DefaultConfiguringBeanFactoryPostProcessor - No bean named 'errorChannel' has been explicitly defined. Therefore, a default PublishSubscribeChannel will be created.
2025-08-06 17:51:50 [main] INFO  o.s.i.c.DefaultConfiguringBeanFactoryPostProcessor - No bean named 'integrationHeaderChannelRegistry' has been explicitly defined. Therefore, a default DefaultHeaderChannelRegistry will be created.
2025-08-06 17:51:50 [main] INFO  o.s.c.s.PostProcessorRegistrationDelegate$BeanPostProcessorChecker - Bean 'org.springframework.transaction.annotation.ProxyTransactionManagementConfiguration' of type [org.springframework.transaction.annotation.ProxyTransactionManagementConfiguration$$EnhancerBySpringCGLIB$$95771bd4] is not eligible for getting processed by all BeanPostProcessors (for example: not eligible for auto-proxying)
2025-08-06 17:51:50 [main] INFO  o.s.c.s.PostProcessorRegistrationDelegate$BeanPostProcessorChecker - Bean 'org.springframework.integration.config.IntegrationManagementConfiguration' of type [org.springframework.integration.config.IntegrationManagementConfiguration$$EnhancerBySpringCGLIB$$68d703] is not eligible for getting processed by all BeanPostProcessors (for example: not eligible for auto-proxying)
2025-08-06 17:51:50 [main] INFO  o.s.c.s.PostProcessorRegistrationDelegate$BeanPostProcessorChecker - Bean 'integrationDisposableAutoCreatedBeans' of type [org.springframework.integration.config.annotation.Disposables] is not eligible for getting processed by all BeanPostProcessors (for example: not eligible for auto-proxying)
2025-08-06 17:51:51 [main] INFO  o.s.b.w.e.tomcat.TomcatWebServer - Tomcat initialized with port(s): 8888 (http)
2025-08-06 17:51:51 [main] INFO  o.a.coyote.http11.Http11NioProtocol - Initializing ProtocolHandler ["http-nio-8888"]
2025-08-06 17:51:51 [main] INFO  o.a.catalina.core.StandardService - Starting service [Tomcat]
2025-08-06 17:51:51 [main] INFO  o.a.catalina.core.StandardEngine - Starting Servlet engine: [Apache Tomcat/9.0.17]
2025-08-06 17:51:51 [main] INFO  o.a.c.c.C.[Tomcat].[localhost].[/] - Initializing Spring embedded WebApplicationContext
2025-08-06 17:51:51 [main] INFO  o.s.web.context.ContextLoader - Root WebApplicationContext: initialization completed in 1103 ms
2025-08-06 17:51:51 [main] INFO  o.s.s.c.ThreadPoolTaskExecutor - Initializing ExecutorService 'applicationTaskExecutor'
2025-08-06 17:51:52 [main] INFO  o.s.s.c.ThreadPoolTaskScheduler - Initializing ExecutorService 'taskScheduler'
2025-08-06 17:51:52 [main] INFO  o.s.i.endpoint.EventDrivenConsumer - Adding {logging-channel-adapter:_org.springframework.integration.errorLogger} as a subscriber to the 'errorChannel' channel
2025-08-06 17:51:52 [main] INFO  o.s.i.c.PublishSubscribeChannel - Channel 'application.errorChannel' has 1 subscriber(s).
2025-08-06 17:51:52 [main] INFO  o.s.i.endpoint.EventDrivenConsumer - started _org.springframework.integration.errorLogger
2025-08-06 17:51:52 [main] INFO  o.a.coyote.http11.Http11NioProtocol - Starting ProtocolHandler ["http-nio-8888"]
2025-08-06 17:51:52 [main] INFO  o.s.b.w.e.tomcat.TomcatWebServer - Tomcat started on port(s): 8888 (http) with context path ''
2025-08-06 17:51:52 [main] INFO  c.e.AccessSpringBootApplication - Started AccessSpringBootApplication in 2.577 seconds (JVM running for 3.311)
2025-08-06 17:51:56 [http-nio-8888-exec-1] INFO  o.a.c.c.C.[Tomcat].[localhost].[/] - Initializing Spring DispatcherServlet 'dispatcherServlet'
2025-08-06 17:51:56 [http-nio-8888-exec-1] INFO  o.s.web.servlet.DispatcherServlet - Initializing Servlet 'dispatcherServlet'
2025-08-06 17:51:56 [http-nio-8888-exec-1] INFO  o.s.web.servlet.DispatcherServlet - Completed initialization in 5 ms
2025-08-06 17:51:57 [http-nio-8888-exec-1] INFO  com.example.mqtt.MQTTServer - 连接成功
2025-08-06 17:51:58 [http-nio-8888-exec-1] INFO  com.example.mqtt.MQTTServer - 发布消息状态：true
2025-08-06 17:51:58 [http-nio-8888-exec-1] INFO  com.example.mqtt.MQTTServer - 重新连接成功
2025-08-06 17:51:59 [http-nio-8888-exec-1] INFO  com.example.mqtt.MQTTServer - 发布消息状态：true
2025-08-06 17:52:36 [Thread-7] INFO  o.s.i.endpoint.EventDrivenConsumer - Removing {logging-channel-adapter:_org.springframework.integration.errorLogger} as a subscriber to the 'errorChannel' channel
2025-08-06 17:52:36 [Thread-7] INFO  o.s.i.c.PublishSubscribeChannel - Channel 'application.errorChannel' has 0 subscriber(s).
2025-08-06 17:52:36 [Thread-7] INFO  o.s.i.endpoint.EventDrivenConsumer - stopped _org.springframework.integration.errorLogger
2025-08-06 17:52:36 [Thread-7] INFO  o.s.s.c.ThreadPoolTaskScheduler - Shutting down ExecutorService 'taskScheduler'
2025-08-06 17:52:36 [Thread-7] INFO  o.s.s.c.ThreadPoolTaskExecutor - Shutting down ExecutorService 'applicationTaskExecutor'
2025-08-06 17:52:38 [main] INFO  c.e.AccessSpringBootApplication - Starting AccessSpringBootApplication on DESKTOP-K0VJFS9 with PID 25988 (E:\private\access_simple_master\target\classes started by Administrator in E:\private\access_simple_master)
2025-08-06 17:52:38 [main] INFO  c.e.AccessSpringBootApplication - The following profiles are active: prod
2025-08-06 17:52:38 [main] INFO  o.s.d.r.c.RepositoryConfigurationDelegate - Multiple Spring Data modules found, entering strict repository configuration mode!
2025-08-06 17:52:38 [main] INFO  o.s.d.r.c.RepositoryConfigurationDelegate - Bootstrapping Spring Data repositories in DEFAULT mode.
2025-08-06 17:52:38 [main] INFO  o.s.d.r.c.RepositoryConfigurationDelegate - Finished Spring Data repository scanning in 11ms. Found 0 repository interfaces.
2025-08-06 17:52:39 [main] INFO  o.s.i.c.DefaultConfiguringBeanFactoryPostProcessor - No bean named 'errorChannel' has been explicitly defined. Therefore, a default PublishSubscribeChannel will be created.
2025-08-06 17:52:39 [main] INFO  o.s.i.c.DefaultConfiguringBeanFactoryPostProcessor - No bean named 'integrationHeaderChannelRegistry' has been explicitly defined. Therefore, a default DefaultHeaderChannelRegistry will be created.
2025-08-06 17:52:39 [main] INFO  o.s.c.s.PostProcessorRegistrationDelegate$BeanPostProcessorChecker - Bean 'org.springframework.transaction.annotation.ProxyTransactionManagementConfiguration' of type [org.springframework.transaction.annotation.ProxyTransactionManagementConfiguration$$EnhancerBySpringCGLIB$$78c35861] is not eligible for getting processed by all BeanPostProcessors (for example: not eligible for auto-proxying)
2025-08-06 17:52:39 [main] INFO  o.s.c.s.PostProcessorRegistrationDelegate$BeanPostProcessorChecker - Bean 'org.springframework.integration.config.IntegrationManagementConfiguration' of type [org.springframework.integration.config.IntegrationManagementConfiguration$$EnhancerBySpringCGLIB$$e3b51390] is not eligible for getting processed by all BeanPostProcessors (for example: not eligible for auto-proxying)
2025-08-06 17:52:39 [main] INFO  o.s.c.s.PostProcessorRegistrationDelegate$BeanPostProcessorChecker - Bean 'integrationDisposableAutoCreatedBeans' of type [org.springframework.integration.config.annotation.Disposables] is not eligible for getting processed by all BeanPostProcessors (for example: not eligible for auto-proxying)
2025-08-06 17:52:39 [main] INFO  o.s.b.w.e.tomcat.TomcatWebServer - Tomcat initialized with port(s): 8888 (http)
2025-08-06 17:52:39 [main] INFO  o.a.coyote.http11.Http11NioProtocol - Initializing ProtocolHandler ["http-nio-8888"]
2025-08-06 17:52:39 [main] INFO  o.a.catalina.core.StandardService - Starting service [Tomcat]
2025-08-06 17:52:39 [main] INFO  o.a.catalina.core.StandardEngine - Starting Servlet engine: [Apache Tomcat/9.0.17]
2025-08-06 17:52:39 [main] INFO  o.a.c.c.C.[Tomcat].[localhost].[/] - Initializing Spring embedded WebApplicationContext
2025-08-06 17:52:39 [main] INFO  o.s.web.context.ContextLoader - Root WebApplicationContext: initialization completed in 1038 ms
2025-08-06 17:52:40 [main] INFO  o.s.s.c.ThreadPoolTaskExecutor - Initializing ExecutorService 'applicationTaskExecutor'
2025-08-06 17:52:40 [main] INFO  o.s.s.c.ThreadPoolTaskScheduler - Initializing ExecutorService 'taskScheduler'
2025-08-06 17:52:40 [main] INFO  o.s.i.endpoint.EventDrivenConsumer - Adding {logging-channel-adapter:_org.springframework.integration.errorLogger} as a subscriber to the 'errorChannel' channel
2025-08-06 17:52:40 [main] INFO  o.s.i.c.PublishSubscribeChannel - Channel 'application.errorChannel' has 1 subscriber(s).
2025-08-06 17:52:40 [main] INFO  o.s.i.endpoint.EventDrivenConsumer - started _org.springframework.integration.errorLogger
2025-08-06 17:52:40 [main] INFO  o.a.coyote.http11.Http11NioProtocol - Starting ProtocolHandler ["http-nio-8888"]
2025-08-06 17:52:40 [main] INFO  o.s.b.w.e.tomcat.TomcatWebServer - Tomcat started on port(s): 8888 (http) with context path ''
2025-08-06 17:52:40 [main] INFO  c.e.AccessSpringBootApplication - Started AccessSpringBootApplication in 2.487 seconds (JVM running for 3.036)
2025-08-06 17:52:43 [http-nio-8888-exec-1] INFO  o.a.c.c.C.[Tomcat].[localhost].[/] - Initializing Spring DispatcherServlet 'dispatcherServlet'
2025-08-06 17:52:43 [http-nio-8888-exec-1] INFO  o.s.web.servlet.DispatcherServlet - Initializing Servlet 'dispatcherServlet'
2025-08-06 17:52:43 [http-nio-8888-exec-1] INFO  o.s.web.servlet.DispatcherServlet - Completed initialization in 6 ms
2025-08-06 17:52:53 [http-nio-8888-exec-1] ERROR com.example.mqtt.MQTTServer - 连接失败
org.eclipse.paho.client.mqttv3.MqttException: 无法连接至服务器
	at org.eclipse.paho.client.mqttv3.internal.TCPNetworkModule.start(TCPNetworkModule.java:94)
	at org.eclipse.paho.client.mqttv3.internal.ClientComms$ConnectBG.run(ClientComms.java:701)
	at java.util.concurrent.Executors$RunnableAdapter.call(Executors.java:511)
	at java.util.concurrent.FutureTask.run$$$capture(FutureTask.java:266)
	at java.util.concurrent.FutureTask.run(FutureTask.java)
	at java.util.concurrent.ScheduledThreadPoolExecutor$ScheduledFutureTask.access$201(ScheduledThreadPoolExecutor.java:180)
	at java.util.concurrent.ScheduledThreadPoolExecutor$ScheduledFutureTask.run(ScheduledThreadPoolExecutor.java:293)
	at java.util.concurrent.ThreadPoolExecutor.runWorker(ThreadPoolExecutor.java:1149)
	at java.util.concurrent.ThreadPoolExecutor$Worker.run(ThreadPoolExecutor.java:624)
	at java.lang.Thread.run(Thread.java:748)
Caused by: java.net.ConnectException: Connection refused: connect
	at java.net.DualStackPlainSocketImpl.waitForConnect(Native Method)
	at java.net.DualStackPlainSocketImpl.socketConnect(DualStackPlainSocketImpl.java:85)
	at java.net.AbstractPlainSocketImpl.doConnect(AbstractPlainSocketImpl.java:350)
	at java.net.AbstractPlainSocketImpl.connectToAddress(AbstractPlainSocketImpl.java:206)
	at java.net.AbstractPlainSocketImpl.connect(AbstractPlainSocketImpl.java:188)
	at java.net.PlainSocketImpl.connect(PlainSocketImpl.java:172)
	at java.net.SocksSocketImpl.connect(SocksSocketImpl.java:392)
	at java.net.Socket.connect(Socket.java:606)
	at org.eclipse.paho.client.mqttv3.internal.TCPNetworkModule.start(TCPNetworkModule.java:84)
	... 9 common frames omitted
2025-08-06 17:52:53 [http-nio-8888-exec-1] ERROR com.example.mqtt.MQTTServer - 发布消息失败
org.eclipse.paho.client.mqttv3.MqttException: 客户机未连接
	at org.eclipse.paho.client.mqttv3.internal.ExceptionHelper.createMqttException(ExceptionHelper.java:31)
	at org.eclipse.paho.client.mqttv3.internal.ClientComms.sendNoWait(ClientComms.java:199)
	at org.eclipse.paho.client.mqttv3.MqttTopic.publish(MqttTopic.java:116)
	at com.example.mqtt.MQTTServer.publish(MQTTServer.java:59)
	at com.example.mqtt.MQTTServer.sendMQTTMessage(MQTTServer.java:51)
	at com.example.mqtt.MQTTController.test(MQTTController.java:30)
	at sun.reflect.NativeMethodAccessorImpl.invoke0(Native Method)
	at sun.reflect.NativeMethodAccessorImpl.invoke(NativeMethodAccessorImpl.java:62)
	at sun.reflect.DelegatingMethodAccessorImpl.invoke(DelegatingMethodAccessorImpl.java:43)
	at java.lang.reflect.Method.invoke(Method.java:498)
	at org.springframework.web.method.support.InvocableHandlerMethod.doInvoke(InvocableHandlerMethod.java:189)
	at org.springframework.web.method.support.InvocableHandlerMethod.invokeForRequest(InvocableHandlerMethod.java:138)
	at org.springframework.web.servlet.mvc.method.annotation.ServletInvocableHandlerMethod.invokeAndHandle(ServletInvocableHandlerMethod.java:102)
	at org.springframework.web.servlet.mvc.method.annotation.RequestMappingHandlerAdapter.invokeHandlerMethod(RequestMappingHandlerAdapter.java:892)
	at org.springframework.web.servlet.mvc.method.annotation.RequestMappingHandlerAdapter.handleInternal(RequestMappingHandlerAdapter.java:797)
	at org.springframework.web.servlet.mvc.method.AbstractHandlerMethodAdapter.handle(AbstractHandlerMethodAdapter.java:87)
	at org.springframework.web.servlet.DispatcherServlet.doDispatch(DispatcherServlet.java:1038)
	at org.springframework.web.servlet.DispatcherServlet.doService(DispatcherServlet.java:942)
	at org.springframework.web.servlet.FrameworkServlet.processRequest(FrameworkServlet.java:1005)
	at org.springframework.web.servlet.FrameworkServlet.doGet(FrameworkServlet.java:897)
	at javax.servlet.http.HttpServlet.service(HttpServlet.java:634)
	at org.springframework.web.servlet.FrameworkServlet.service(FrameworkServlet.java:882)
	at javax.servlet.http.HttpServlet.service(HttpServlet.java:741)
	at org.apache.catalina.core.ApplicationFilterChain.internalDoFilter(ApplicationFilterChain.java:231)
	at org.apache.catalina.core.ApplicationFilterChain.doFilter(ApplicationFilterChain.java:166)
	at org.apache.tomcat.websocket.server.WsFilter.doFilter(WsFilter.java:53)
	at org.apache.catalina.core.ApplicationFilterChain.internalDoFilter(ApplicationFilterChain.java:193)
	at org.apache.catalina.core.ApplicationFilterChain.doFilter(ApplicationFilterChain.java:166)
	at org.springframework.web.filter.RequestContextFilter.doFilterInternal(RequestContextFilter.java:99)
	at org.springframework.web.filter.OncePerRequestFilter.doFilter(OncePerRequestFilter.java:107)
	at org.apache.catalina.core.ApplicationFilterChain.internalDoFilter(ApplicationFilterChain.java:193)
	at org.apache.catalina.core.ApplicationFilterChain.doFilter(ApplicationFilterChain.java:166)
	at org.springframework.web.filter.FormContentFilter.doFilterInternal(FormContentFilter.java:92)
	at org.springframework.web.filter.OncePerRequestFilter.doFilter(OncePerRequestFilter.java:107)
	at org.apache.catalina.core.ApplicationFilterChain.internalDoFilter(ApplicationFilterChain.java:193)
	at org.apache.catalina.core.ApplicationFilterChain.doFilter(ApplicationFilterChain.java:166)
	at org.springframework.web.filter.HiddenHttpMethodFilter.doFilterInternal(HiddenHttpMethodFilter.java:93)
	at org.springframework.web.filter.OncePerRequestFilter.doFilter(OncePerRequestFilter.java:107)
	at org.apache.catalina.core.ApplicationFilterChain.internalDoFilter(ApplicationFilterChain.java:193)
	at org.apache.catalina.core.ApplicationFilterChain.doFilter(ApplicationFilterChain.java:166)
	at org.springframework.web.filter.CharacterEncodingFilter.doFilterInternal(CharacterEncodingFilter.java:200)
	at org.springframework.web.filter.OncePerRequestFilter.doFilter(OncePerRequestFilter.java:107)
	at org.apache.catalina.core.ApplicationFilterChain.internalDoFilter(ApplicationFilterChain.java:193)
	at org.apache.catalina.core.ApplicationFilterChain.doFilter(ApplicationFilterChain.java:166)
	at org.apache.catalina.core.StandardWrapperValve.invoke(StandardWrapperValve.java:200)
	at org.apache.catalina.core.StandardContextValve.invoke(StandardContextValve.java:96)
	at org.apache.catalina.authenticator.AuthenticatorBase.invoke(AuthenticatorBase.java:490)
	at org.apache.catalina.core.StandardHostValve.invoke(StandardHostValve.java:139)
	at org.apache.catalina.valves.ErrorReportValve.invoke(ErrorReportValve.java:92)
	at org.apache.catalina.core.StandardEngineValve.invoke(StandardEngineValve.java:74)
	at org.apache.catalina.connector.CoyoteAdapter.service(CoyoteAdapter.java:343)
	at org.apache.coyote.http11.Http11Processor.service(Http11Processor.java:408)
	at org.apache.coyote.AbstractProcessorLight.process(AbstractProcessorLight.java:66)
	at org.apache.coyote.AbstractProtocol$ConnectionHandler.process(AbstractProtocol.java:834)
	at org.apache.tomcat.util.net.NioEndpoint$SocketProcessor.doRun(NioEndpoint.java:1415)
	at org.apache.tomcat.util.net.SocketProcessorBase.run(SocketProcessorBase.java:49)
	at java.util.concurrent.ThreadPoolExecutor.runWorker(ThreadPoolExecutor.java:1149)
	at java.util.concurrent.ThreadPoolExecutor$Worker.run(ThreadPoolExecutor.java:624)
	at org.apache.tomcat.util.threads.TaskThread$WrappingRunnable.run(TaskThread.java:61)
	at java.lang.Thread.run(Thread.java:748)
2025-08-06 17:53:06 [Thread-7] INFO  o.s.i.endpoint.EventDrivenConsumer - Removing {logging-channel-adapter:_org.springframework.integration.errorLogger} as a subscriber to the 'errorChannel' channel
2025-08-06 17:53:06 [Thread-7] INFO  o.s.i.c.PublishSubscribeChannel - Channel 'application.errorChannel' has 0 subscriber(s).
2025-08-06 17:53:06 [Thread-7] INFO  o.s.i.endpoint.EventDrivenConsumer - stopped _org.springframework.integration.errorLogger
2025-08-06 17:53:06 [Thread-7] INFO  o.s.s.c.ThreadPoolTaskScheduler - Shutting down ExecutorService 'taskScheduler'
2025-08-06 17:53:06 [Thread-7] INFO  o.s.s.c.ThreadPoolTaskExecutor - Shutting down ExecutorService 'applicationTaskExecutor'
2025-08-06 17:53:07 [http-nio-8888-exec-1] ERROR com.example.mqtt.MQTTServer - 连接失败
org.eclipse.paho.client.mqttv3.MqttException: 无法连接至服务器
	at org.eclipse.paho.client.mqttv3.internal.TCPNetworkModule.start(TCPNetworkModule.java:94)
	at org.eclipse.paho.client.mqttv3.internal.ClientComms$ConnectBG.run(ClientComms.java:701)
	at java.util.concurrent.Executors$RunnableAdapter.call(Executors.java:511)
	at java.util.concurrent.FutureTask.run$$$capture(FutureTask.java:266)
	at java.util.concurrent.FutureTask.run(FutureTask.java)
	at java.util.concurrent.ScheduledThreadPoolExecutor$ScheduledFutureTask.access$201(ScheduledThreadPoolExecutor.java:180)
	at java.util.concurrent.ScheduledThreadPoolExecutor$ScheduledFutureTask.run(ScheduledThreadPoolExecutor.java:293)
	at java.util.concurrent.ThreadPoolExecutor.runWorker(ThreadPoolExecutor.java:1149)
	at java.util.concurrent.ThreadPoolExecutor$Worker.run(ThreadPoolExecutor.java:624)
	at java.lang.Thread.run(Thread.java:748)
Caused by: java.net.ConnectException: Connection refused: connect
	at java.net.DualStackPlainSocketImpl.waitForConnect(Native Method)
	at java.net.DualStackPlainSocketImpl.socketConnect(DualStackPlainSocketImpl.java:85)
	at java.net.AbstractPlainSocketImpl.doConnect(AbstractPlainSocketImpl.java:350)
	at java.net.AbstractPlainSocketImpl.connectToAddress(AbstractPlainSocketImpl.java:206)
	at java.net.AbstractPlainSocketImpl.connect(AbstractPlainSocketImpl.java:188)
	at java.net.PlainSocketImpl.connect(PlainSocketImpl.java:172)
	at java.net.SocksSocketImpl.connect(SocksSocketImpl.java:392)
	at java.net.Socket.connect(Socket.java:606)
	at org.eclipse.paho.client.mqttv3.internal.TCPNetworkModule.start(TCPNetworkModule.java:84)
	... 9 common frames omitted
2025-08-06 17:53:07 [http-nio-8888-exec-1] ERROR com.example.mqtt.MQTTServer - 发布消息失败
org.eclipse.paho.client.mqttv3.MqttException: 客户机未连接
	at org.eclipse.paho.client.mqttv3.internal.ExceptionHelper.createMqttException(ExceptionHelper.java:31)
	at org.eclipse.paho.client.mqttv3.internal.ClientComms.sendNoWait(ClientComms.java:199)
	at org.eclipse.paho.client.mqttv3.MqttTopic.publish(MqttTopic.java:116)
	at com.example.mqtt.MQTTServer.publish(MQTTServer.java:59)
	at com.example.mqtt.MQTTServer.sendMQTTMessage(MQTTServer.java:51)
	at com.example.mqtt.MQTTController.test(MQTTController.java:31)
	at sun.reflect.NativeMethodAccessorImpl.invoke0(Native Method)
	at sun.reflect.NativeMethodAccessorImpl.invoke(NativeMethodAccessorImpl.java:62)
	at sun.reflect.DelegatingMethodAccessorImpl.invoke(DelegatingMethodAccessorImpl.java:43)
	at java.lang.reflect.Method.invoke(Method.java:498)
	at org.springframework.web.method.support.InvocableHandlerMethod.doInvoke(InvocableHandlerMethod.java:189)
	at org.springframework.web.method.support.InvocableHandlerMethod.invokeForRequest(InvocableHandlerMethod.java:138)
	at org.springframework.web.servlet.mvc.method.annotation.ServletInvocableHandlerMethod.invokeAndHandle(ServletInvocableHandlerMethod.java:102)
	at org.springframework.web.servlet.mvc.method.annotation.RequestMappingHandlerAdapter.invokeHandlerMethod(RequestMappingHandlerAdapter.java:892)
	at org.springframework.web.servlet.mvc.method.annotation.RequestMappingHandlerAdapter.handleInternal(RequestMappingHandlerAdapter.java:797)
	at org.springframework.web.servlet.mvc.method.AbstractHandlerMethodAdapter.handle(AbstractHandlerMethodAdapter.java:87)
	at org.springframework.web.servlet.DispatcherServlet.doDispatch(DispatcherServlet.java:1038)
	at org.springframework.web.servlet.DispatcherServlet.doService(DispatcherServlet.java:942)
	at org.springframework.web.servlet.FrameworkServlet.processRequest(FrameworkServlet.java:1005)
	at org.springframework.web.servlet.FrameworkServlet.doGet(FrameworkServlet.java:897)
	at javax.servlet.http.HttpServlet.service(HttpServlet.java:634)
	at org.springframework.web.servlet.FrameworkServlet.service(FrameworkServlet.java:882)
	at javax.servlet.http.HttpServlet.service(HttpServlet.java:741)
	at org.apache.catalina.core.ApplicationFilterChain.internalDoFilter(ApplicationFilterChain.java:231)
	at org.apache.catalina.core.ApplicationFilterChain.doFilter(ApplicationFilterChain.java:166)
	at org.apache.tomcat.websocket.server.WsFilter.doFilter(WsFilter.java:53)
	at org.apache.catalina.core.ApplicationFilterChain.internalDoFilter(ApplicationFilterChain.java:193)
	at org.apache.catalina.core.ApplicationFilterChain.doFilter(ApplicationFilterChain.java:166)
	at org.springframework.web.filter.RequestContextFilter.doFilterInternal(RequestContextFilter.java:99)
	at org.springframework.web.filter.OncePerRequestFilter.doFilter(OncePerRequestFilter.java:107)
	at org.apache.catalina.core.ApplicationFilterChain.internalDoFilter(ApplicationFilterChain.java:193)
	at org.apache.catalina.core.ApplicationFilterChain.doFilter(ApplicationFilterChain.java:166)
	at org.springframework.web.filter.FormContentFilter.doFilterInternal(FormContentFilter.java:92)
	at org.springframework.web.filter.OncePerRequestFilter.doFilter(OncePerRequestFilter.java:107)
	at org.apache.catalina.core.ApplicationFilterChain.internalDoFilter(ApplicationFilterChain.java:193)
	at org.apache.catalina.core.ApplicationFilterChain.doFilter(ApplicationFilterChain.java:166)
	at org.springframework.web.filter.HiddenHttpMethodFilter.doFilterInternal(HiddenHttpMethodFilter.java:93)
	at org.springframework.web.filter.OncePerRequestFilter.doFilter(OncePerRequestFilter.java:107)
	at org.apache.catalina.core.ApplicationFilterChain.internalDoFilter(ApplicationFilterChain.java:193)
	at org.apache.catalina.core.ApplicationFilterChain.doFilter(ApplicationFilterChain.java:166)
	at org.springframework.web.filter.CharacterEncodingFilter.doFilterInternal(CharacterEncodingFilter.java:200)
	at org.springframework.web.filter.OncePerRequestFilter.doFilter(OncePerRequestFilter.java:107)
	at org.apache.catalina.core.ApplicationFilterChain.internalDoFilter(ApplicationFilterChain.java:193)
	at org.apache.catalina.core.ApplicationFilterChain.doFilter(ApplicationFilterChain.java:166)
	at org.apache.catalina.core.StandardWrapperValve.invoke(StandardWrapperValve.java:200)
	at org.apache.catalina.core.StandardContextValve.invoke(StandardContextValve.java:96)
	at org.apache.catalina.authenticator.AuthenticatorBase.invoke(AuthenticatorBase.java:490)
	at org.apache.catalina.core.StandardHostValve.invoke(StandardHostValve.java:139)
	at org.apache.catalina.valves.ErrorReportValve.invoke(ErrorReportValve.java:92)
	at org.apache.catalina.core.StandardEngineValve.invoke(StandardEngineValve.java:74)
	at org.apache.catalina.connector.CoyoteAdapter.service(CoyoteAdapter.java:343)
	at org.apache.coyote.http11.Http11Processor.service(Http11Processor.java:408)
	at org.apache.coyote.AbstractProcessorLight.process(AbstractProcessorLight.java:66)
	at org.apache.coyote.AbstractProtocol$ConnectionHandler.process(AbstractProtocol.java:834)
	at org.apache.tomcat.util.net.NioEndpoint$SocketProcessor.doRun(NioEndpoint.java:1415)
	at org.apache.tomcat.util.net.SocketProcessorBase.run(SocketProcessorBase.java:49)
	at java.util.concurrent.ThreadPoolExecutor.runWorker(ThreadPoolExecutor.java:1149)
	at java.util.concurrent.ThreadPoolExecutor$Worker.run(ThreadPoolExecutor.java:624)
	at org.apache.tomcat.util.threads.TaskThread$WrappingRunnable.run(TaskThread.java:61)
	at java.lang.Thread.run(Thread.java:748)
2025-08-06 17:53:09 [main] INFO  c.e.AccessSpringBootApplication - Starting AccessSpringBootApplication on DESKTOP-K0VJFS9 with PID 11504 (E:\private\access_simple_master\target\classes started by Administrator in E:\private\access_simple_master)
2025-08-06 17:53:09 [main] INFO  c.e.AccessSpringBootApplication - The following profiles are active: prod
2025-08-06 17:53:09 [main] INFO  o.s.d.r.c.RepositoryConfigurationDelegate - Multiple Spring Data modules found, entering strict repository configuration mode!
2025-08-06 17:53:09 [main] INFO  o.s.d.r.c.RepositoryConfigurationDelegate - Bootstrapping Spring Data repositories in DEFAULT mode.
2025-08-06 17:53:10 [main] INFO  o.s.d.r.c.RepositoryConfigurationDelegate - Finished Spring Data repository scanning in 11ms. Found 0 repository interfaces.
2025-08-06 17:53:10 [main] INFO  o.s.i.c.DefaultConfiguringBeanFactoryPostProcessor - No bean named 'errorChannel' has been explicitly defined. Therefore, a default PublishSubscribeChannel will be created.
2025-08-06 17:53:10 [main] INFO  o.s.i.c.DefaultConfiguringBeanFactoryPostProcessor - No bean named 'integrationHeaderChannelRegistry' has been explicitly defined. Therefore, a default DefaultHeaderChannelRegistry will be created.
2025-08-06 17:53:10 [main] INFO  o.s.c.s.PostProcessorRegistrationDelegate$BeanPostProcessorChecker - Bean 'org.springframework.transaction.annotation.ProxyTransactionManagementConfiguration' of type [org.springframework.transaction.annotation.ProxyTransactionManagementConfiguration$$EnhancerBySpringCGLIB$$7348ecdc] is not eligible for getting processed by all BeanPostProcessors (for example: not eligible for auto-proxying)
2025-08-06 17:53:10 [main] INFO  o.s.c.s.PostProcessorRegistrationDelegate$BeanPostProcessorChecker - Bean 'org.springframework.integration.config.IntegrationManagementConfiguration' of type [org.springframework.integration.config.IntegrationManagementConfiguration$$EnhancerBySpringCGLIB$$de3aa80b] is not eligible for getting processed by all BeanPostProcessors (for example: not eligible for auto-proxying)
2025-08-06 17:53:10 [main] INFO  o.s.c.s.PostProcessorRegistrationDelegate$BeanPostProcessorChecker - Bean 'integrationDisposableAutoCreatedBeans' of type [org.springframework.integration.config.annotation.Disposables] is not eligible for getting processed by all BeanPostProcessors (for example: not eligible for auto-proxying)
2025-08-06 17:53:10 [main] INFO  o.s.b.w.e.tomcat.TomcatWebServer - Tomcat initialized with port(s): 8888 (http)
2025-08-06 17:53:10 [main] INFO  o.a.coyote.http11.Http11NioProtocol - Initializing ProtocolHandler ["http-nio-8888"]
2025-08-06 17:53:10 [main] INFO  o.a.catalina.core.StandardService - Starting service [Tomcat]
2025-08-06 17:53:10 [main] INFO  o.a.catalina.core.StandardEngine - Starting Servlet engine: [Apache Tomcat/9.0.17]
2025-08-06 17:53:10 [main] INFO  o.a.c.c.C.[Tomcat].[localhost].[/] - Initializing Spring embedded WebApplicationContext
2025-08-06 17:53:10 [main] INFO  o.s.web.context.ContextLoader - Root WebApplicationContext: initialization completed in 1091 ms
2025-08-06 17:53:11 [main] INFO  o.s.s.c.ThreadPoolTaskExecutor - Initializing ExecutorService 'applicationTaskExecutor'
2025-08-06 17:53:11 [main] INFO  o.s.s.c.ThreadPoolTaskScheduler - Initializing ExecutorService 'taskScheduler'
2025-08-06 17:53:11 [main] INFO  o.s.i.endpoint.EventDrivenConsumer - Adding {logging-channel-adapter:_org.springframework.integration.errorLogger} as a subscriber to the 'errorChannel' channel
2025-08-06 17:53:11 [main] INFO  o.s.i.c.PublishSubscribeChannel - Channel 'application.errorChannel' has 1 subscriber(s).
2025-08-06 17:53:11 [main] INFO  o.s.i.endpoint.EventDrivenConsumer - started _org.springframework.integration.errorLogger
2025-08-06 17:53:11 [main] INFO  o.a.coyote.http11.Http11NioProtocol - Starting ProtocolHandler ["http-nio-8888"]
2025-08-06 17:53:11 [main] INFO  o.s.b.w.e.tomcat.TomcatWebServer - Tomcat started on port(s): 8888 (http) with context path ''
2025-08-06 17:53:11 [main] INFO  c.e.AccessSpringBootApplication - Started AccessSpringBootApplication in 2.506 seconds (JVM running for 3.183)
2025-08-06 17:53:31 [http-nio-8888-exec-1] INFO  o.a.c.c.C.[Tomcat].[localhost].[/] - Initializing Spring DispatcherServlet 'dispatcherServlet'
2025-08-06 17:53:31 [http-nio-8888-exec-1] INFO  o.s.web.servlet.DispatcherServlet - Initializing Servlet 'dispatcherServlet'
2025-08-06 17:53:31 [http-nio-8888-exec-1] INFO  o.s.web.servlet.DispatcherServlet - Completed initialization in 5 ms
2025-08-06 17:53:32 [http-nio-8888-exec-1] INFO  com.example.mqtt.MQTTServer - 连接成功
2025-08-06 17:53:32 [http-nio-8888-exec-1] INFO  com.example.mqtt.MQTTServer - 发布消息状态：true
2025-08-06 17:53:32 [http-nio-8888-exec-1] INFO  com.example.mqtt.MQTTServer - 重新连接成功
2025-08-06 17:53:32 [http-nio-8888-exec-1] INFO  com.example.mqtt.MQTTServer - 发布消息状态：true
2025-08-06 17:55:00 [task-1] INFO  io.lettuce.core.EpollProvider - Starting without optional epoll library
2025-08-06 17:55:00 [task-1] INFO  io.lettuce.core.KqueueProvider - Starting without optional kqueue library
2025-08-06 17:55:02 [task-1] ERROR o.s.a.i.SimpleAsyncUncaughtExceptionHandler - Unexpected exception occurred invoking async method: public void com.example.task.ScaleRedisTask.push()
org.springframework.data.redis.RedisConnectionFailureException: Unable to connect to Redis; nested exception is io.lettuce.core.RedisConnectionException: Unable to connect to 127.0.0.1:6379
	at org.springframework.data.redis.connection.lettuce.LettuceConnectionFactory$SharedConnection.getNativeConnection(LettuceConnectionFactory.java:1111)
	at org.springframework.data.redis.connection.lettuce.LettuceConnectionFactory$SharedConnection.getConnection(LettuceConnectionFactory.java:1084)
	at org.springframework.data.redis.connection.lettuce.LettuceConnectionFactory.getSharedConnection(LettuceConnectionFactory.java:866)
	at org.springframework.data.redis.connection.lettuce.LettuceConnectionFactory.getConnection(LettuceConnectionFactory.java:341)
	at org.springframework.data.redis.core.RedisConnectionUtils.doGetConnection(RedisConnectionUtils.java:132)
	at org.springframework.data.redis.core.RedisConnectionUtils.getConnection(RedisConnectionUtils.java:95)
	at org.springframework.data.redis.core.RedisConnectionUtils.getConnection(RedisConnectionUtils.java:82)
	at org.springframework.data.redis.core.RedisTemplate.execute(RedisTemplate.java:211)
	at org.springframework.data.redis.core.RedisTemplate.execute(RedisTemplate.java:184)
	at org.springframework.data.redis.core.RedisTemplate.hasKey(RedisTemplate.java:769)
	at com.example.task.ScaleRedisTask.queryLastFiveIdList(ScaleRedisTask.java:184)
	at com.example.task.ScaleRedisTask.push(ScaleRedisTask.java:71)
	at com.example.task.ScaleRedisTask$$FastClassBySpringCGLIB$$afb5cdae.invoke(<generated>)
	at org.springframework.cglib.proxy.MethodProxy.invoke(MethodProxy.java:218)
	at org.springframework.aop.framework.CglibAopProxy$CglibMethodInvocation.invokeJoinpoint(CglibAopProxy.java:749)
	at org.springframework.aop.framework.ReflectiveMethodInvocation.proceed(ReflectiveMethodInvocation.java:163)
	at org.springframework.aop.interceptor.AsyncExecutionInterceptor.lambda$invoke$0(AsyncExecutionInterceptor.java:115)
	at java.util.concurrent.FutureTask.run$$$capture(FutureTask.java:266)
	at java.util.concurrent.FutureTask.run(FutureTask.java)
	at java.util.concurrent.ThreadPoolExecutor.runWorker(ThreadPoolExecutor.java:1149)
	at java.util.concurrent.ThreadPoolExecutor$Worker.run(ThreadPoolExecutor.java:624)
	at java.lang.Thread.run(Thread.java:748)
Caused by: io.lettuce.core.RedisConnectionException: Unable to connect to 127.0.0.1:6379
	at io.lettuce.core.RedisConnectionException.create(RedisConnectionException.java:78)
	at io.lettuce.core.RedisConnectionException.create(RedisConnectionException.java:56)
	at io.lettuce.core.AbstractRedisClient.getConnection(AbstractRedisClient.java:235)
	at io.lettuce.core.RedisClient.connect(RedisClient.java:204)
	at org.springframework.data.redis.connection.lettuce.StandaloneConnectionProvider.lambda$getConnection$1(StandaloneConnectionProvider.java:113)
	at java.util.Optional.orElseGet(Optional.java:267)
	at org.springframework.data.redis.connection.lettuce.StandaloneConnectionProvider.getConnection(StandaloneConnectionProvider.java:113)
	at org.springframework.data.redis.connection.lettuce.LettuceConnectionFactory$SharedConnection.getNativeConnection(LettuceConnectionFactory.java:1104)
	... 21 common frames omitted
Caused by: io.netty.channel.AbstractChannel$AnnotatedConnectException: Connection refused: no further information: /127.0.0.1:6379
	at sun.nio.ch.SocketChannelImpl.checkConnect(Native Method)
	at sun.nio.ch.SocketChannelImpl.finishConnect(SocketChannelImpl.java:717)
	at io.netty.channel.socket.nio.NioSocketChannel.doFinishConnect(NioSocketChannel.java:327)
	at io.netty.channel.nio.AbstractNioChannel$AbstractNioUnsafe.finishConnect(AbstractNioChannel.java:340)
	at io.netty.channel.nio.NioEventLoop.processSelectedKey(NioEventLoop.java:665)
	at io.netty.channel.nio.NioEventLoop.processSelectedKeysOptimized(NioEventLoop.java:612)
	at io.netty.channel.nio.NioEventLoop.processSelectedKeys(NioEventLoop.java:529)
	at io.netty.channel.nio.NioEventLoop.run(NioEventLoop.java:491)
	at io.netty.util.concurrent.SingleThreadEventExecutor$5.run(SingleThreadEventExecutor.java:905)
	at io.netty.util.concurrent.FastThreadLocalRunnable.run(FastThreadLocalRunnable.java:30)
	... 1 common frames omitted
Caused by: java.net.ConnectException: Connection refused: no further information
	... 11 common frames omitted
2025-08-06 18:00:02 [task-2] ERROR o.s.a.i.SimpleAsyncUncaughtExceptionHandler - Unexpected exception occurred invoking async method: public void com.example.task.ScaleRedisTask.push()
org.springframework.data.redis.RedisConnectionFailureException: Unable to connect to Redis; nested exception is io.lettuce.core.RedisConnectionException: Unable to connect to 127.0.0.1:6379
	at org.springframework.data.redis.connection.lettuce.LettuceConnectionFactory$SharedConnection.getNativeConnection(LettuceConnectionFactory.java:1111)
	at org.springframework.data.redis.connection.lettuce.LettuceConnectionFactory$SharedConnection.getConnection(LettuceConnectionFactory.java:1084)
	at org.springframework.data.redis.connection.lettuce.LettuceConnectionFactory.getSharedConnection(LettuceConnectionFactory.java:866)
	at org.springframework.data.redis.connection.lettuce.LettuceConnectionFactory.getConnection(LettuceConnectionFactory.java:341)
	at org.springframework.data.redis.core.RedisConnectionUtils.doGetConnection(RedisConnectionUtils.java:132)
	at org.springframework.data.redis.core.RedisConnectionUtils.getConnection(RedisConnectionUtils.java:95)
	at org.springframework.data.redis.core.RedisConnectionUtils.getConnection(RedisConnectionUtils.java:82)
	at org.springframework.data.redis.core.RedisTemplate.execute(RedisTemplate.java:211)
	at org.springframework.data.redis.core.RedisTemplate.execute(RedisTemplate.java:184)
	at org.springframework.data.redis.core.RedisTemplate.hasKey(RedisTemplate.java:769)
	at com.example.task.ScaleRedisTask.queryLastFiveIdList(ScaleRedisTask.java:184)
	at com.example.task.ScaleRedisTask.push(ScaleRedisTask.java:71)
	at com.example.task.ScaleRedisTask$$FastClassBySpringCGLIB$$afb5cdae.invoke(<generated>)
	at org.springframework.cglib.proxy.MethodProxy.invoke(MethodProxy.java:218)
	at org.springframework.aop.framework.CglibAopProxy$CglibMethodInvocation.invokeJoinpoint(CglibAopProxy.java:749)
	at org.springframework.aop.framework.ReflectiveMethodInvocation.proceed(ReflectiveMethodInvocation.java:163)
	at org.springframework.aop.interceptor.AsyncExecutionInterceptor.lambda$invoke$0(AsyncExecutionInterceptor.java:115)
	at java.util.concurrent.FutureTask.run$$$capture(FutureTask.java:266)
	at java.util.concurrent.FutureTask.run(FutureTask.java)
	at java.util.concurrent.ThreadPoolExecutor.runWorker(ThreadPoolExecutor.java:1149)
	at java.util.concurrent.ThreadPoolExecutor$Worker.run(ThreadPoolExecutor.java:624)
	at java.lang.Thread.run(Thread.java:748)
Caused by: io.lettuce.core.RedisConnectionException: Unable to connect to 127.0.0.1:6379
	at io.lettuce.core.RedisConnectionException.create(RedisConnectionException.java:78)
	at io.lettuce.core.RedisConnectionException.create(RedisConnectionException.java:56)
	at io.lettuce.core.AbstractRedisClient.getConnection(AbstractRedisClient.java:235)
	at io.lettuce.core.RedisClient.connect(RedisClient.java:204)
	at org.springframework.data.redis.connection.lettuce.StandaloneConnectionProvider.lambda$getConnection$1(StandaloneConnectionProvider.java:113)
	at java.util.Optional.orElseGet(Optional.java:267)
	at org.springframework.data.redis.connection.lettuce.StandaloneConnectionProvider.getConnection(StandaloneConnectionProvider.java:113)
	at org.springframework.data.redis.connection.lettuce.LettuceConnectionFactory$SharedConnection.getNativeConnection(LettuceConnectionFactory.java:1104)
	... 21 common frames omitted
Caused by: io.netty.channel.AbstractChannel$AnnotatedConnectException: Connection refused: no further information: /127.0.0.1:6379
	at sun.nio.ch.SocketChannelImpl.checkConnect(Native Method)
	at sun.nio.ch.SocketChannelImpl.finishConnect(SocketChannelImpl.java:717)
	at io.netty.channel.socket.nio.NioSocketChannel.doFinishConnect(NioSocketChannel.java:327)
	at io.netty.channel.nio.AbstractNioChannel$AbstractNioUnsafe.finishConnect(AbstractNioChannel.java:340)
	at io.netty.channel.nio.NioEventLoop.processSelectedKey(NioEventLoop.java:665)
	at io.netty.channel.nio.NioEventLoop.processSelectedKeysOptimized(NioEventLoop.java:612)
	at io.netty.channel.nio.NioEventLoop.processSelectedKeys(NioEventLoop.java:529)
	at io.netty.channel.nio.NioEventLoop.run(NioEventLoop.java:491)
	at io.netty.util.concurrent.SingleThreadEventExecutor$5.run(SingleThreadEventExecutor.java:905)
	at io.netty.util.concurrent.FastThreadLocalRunnable.run(FastThreadLocalRunnable.java:30)
	... 1 common frames omitted
Caused by: java.net.ConnectException: Connection refused: no further information
	... 11 common frames omitted
2025-08-06 18:05:02 [task-3] ERROR o.s.a.i.SimpleAsyncUncaughtExceptionHandler - Unexpected exception occurred invoking async method: public void com.example.task.ScaleRedisTask.push()
org.springframework.data.redis.RedisConnectionFailureException: Unable to connect to Redis; nested exception is io.lettuce.core.RedisConnectionException: Unable to connect to 127.0.0.1:6379
	at org.springframework.data.redis.connection.lettuce.LettuceConnectionFactory$SharedConnection.getNativeConnection(LettuceConnectionFactory.java:1111)
	at org.springframework.data.redis.connection.lettuce.LettuceConnectionFactory$SharedConnection.getConnection(LettuceConnectionFactory.java:1084)
	at org.springframework.data.redis.connection.lettuce.LettuceConnectionFactory.getSharedConnection(LettuceConnectionFactory.java:866)
	at org.springframework.data.redis.connection.lettuce.LettuceConnectionFactory.getConnection(LettuceConnectionFactory.java:341)
	at org.springframework.data.redis.core.RedisConnectionUtils.doGetConnection(RedisConnectionUtils.java:132)
	at org.springframework.data.redis.core.RedisConnectionUtils.getConnection(RedisConnectionUtils.java:95)
	at org.springframework.data.redis.core.RedisConnectionUtils.getConnection(RedisConnectionUtils.java:82)
	at org.springframework.data.redis.core.RedisTemplate.execute(RedisTemplate.java:211)
	at org.springframework.data.redis.core.RedisTemplate.execute(RedisTemplate.java:184)
	at org.springframework.data.redis.core.RedisTemplate.hasKey(RedisTemplate.java:769)
	at com.example.task.ScaleRedisTask.queryLastFiveIdList(ScaleRedisTask.java:184)
	at com.example.task.ScaleRedisTask.push(ScaleRedisTask.java:71)
	at com.example.task.ScaleRedisTask$$FastClassBySpringCGLIB$$afb5cdae.invoke(<generated>)
	at org.springframework.cglib.proxy.MethodProxy.invoke(MethodProxy.java:218)
	at org.springframework.aop.framework.CglibAopProxy$CglibMethodInvocation.invokeJoinpoint(CglibAopProxy.java:749)
	at org.springframework.aop.framework.ReflectiveMethodInvocation.proceed(ReflectiveMethodInvocation.java:163)
	at org.springframework.aop.interceptor.AsyncExecutionInterceptor.lambda$invoke$0(AsyncExecutionInterceptor.java:115)
	at java.util.concurrent.FutureTask.run$$$capture(FutureTask.java:266)
	at java.util.concurrent.FutureTask.run(FutureTask.java)
	at java.util.concurrent.ThreadPoolExecutor.runWorker(ThreadPoolExecutor.java:1149)
	at java.util.concurrent.ThreadPoolExecutor$Worker.run(ThreadPoolExecutor.java:624)
	at java.lang.Thread.run(Thread.java:748)
Caused by: io.lettuce.core.RedisConnectionException: Unable to connect to 127.0.0.1:6379
	at io.lettuce.core.RedisConnectionException.create(RedisConnectionException.java:78)
	at io.lettuce.core.RedisConnectionException.create(RedisConnectionException.java:56)
	at io.lettuce.core.AbstractRedisClient.getConnection(AbstractRedisClient.java:235)
	at io.lettuce.core.RedisClient.connect(RedisClient.java:204)
	at org.springframework.data.redis.connection.lettuce.StandaloneConnectionProvider.lambda$getConnection$1(StandaloneConnectionProvider.java:113)
	at java.util.Optional.orElseGet(Optional.java:267)
	at org.springframework.data.redis.connection.lettuce.StandaloneConnectionProvider.getConnection(StandaloneConnectionProvider.java:113)
	at org.springframework.data.redis.connection.lettuce.LettuceConnectionFactory$SharedConnection.getNativeConnection(LettuceConnectionFactory.java:1104)
	... 21 common frames omitted
Caused by: io.netty.channel.AbstractChannel$AnnotatedConnectException: Connection refused: no further information: /127.0.0.1:6379
	at sun.nio.ch.SocketChannelImpl.checkConnect(Native Method)
	at sun.nio.ch.SocketChannelImpl.finishConnect(SocketChannelImpl.java:717)
	at io.netty.channel.socket.nio.NioSocketChannel.doFinishConnect(NioSocketChannel.java:327)
	at io.netty.channel.nio.AbstractNioChannel$AbstractNioUnsafe.finishConnect(AbstractNioChannel.java:340)
	at io.netty.channel.nio.NioEventLoop.processSelectedKey(NioEventLoop.java:665)
	at io.netty.channel.nio.NioEventLoop.processSelectedKeysOptimized(NioEventLoop.java:612)
	at io.netty.channel.nio.NioEventLoop.processSelectedKeys(NioEventLoop.java:529)
	at io.netty.channel.nio.NioEventLoop.run(NioEventLoop.java:491)
	at io.netty.util.concurrent.SingleThreadEventExecutor$5.run(SingleThreadEventExecutor.java:905)
	at io.netty.util.concurrent.FastThreadLocalRunnable.run(FastThreadLocalRunnable.java:30)
	... 1 common frames omitted
Caused by: java.net.ConnectException: Connection refused: no further information
	... 11 common frames omitted
2025-08-06 18:10:02 [task-4] ERROR o.s.a.i.SimpleAsyncUncaughtExceptionHandler - Unexpected exception occurred invoking async method: public void com.example.task.ScaleRedisTask.push()
org.springframework.data.redis.RedisConnectionFailureException: Unable to connect to Redis; nested exception is io.lettuce.core.RedisConnectionException: Unable to connect to 127.0.0.1:6379
	at org.springframework.data.redis.connection.lettuce.LettuceConnectionFactory$SharedConnection.getNativeConnection(LettuceConnectionFactory.java:1111)
	at org.springframework.data.redis.connection.lettuce.LettuceConnectionFactory$SharedConnection.getConnection(LettuceConnectionFactory.java:1084)
	at org.springframework.data.redis.connection.lettuce.LettuceConnectionFactory.getSharedConnection(LettuceConnectionFactory.java:866)
	at org.springframework.data.redis.connection.lettuce.LettuceConnectionFactory.getConnection(LettuceConnectionFactory.java:341)
	at org.springframework.data.redis.core.RedisConnectionUtils.doGetConnection(RedisConnectionUtils.java:132)
	at org.springframework.data.redis.core.RedisConnectionUtils.getConnection(RedisConnectionUtils.java:95)
	at org.springframework.data.redis.core.RedisConnectionUtils.getConnection(RedisConnectionUtils.java:82)
	at org.springframework.data.redis.core.RedisTemplate.execute(RedisTemplate.java:211)
	at org.springframework.data.redis.core.RedisTemplate.execute(RedisTemplate.java:184)
	at org.springframework.data.redis.core.RedisTemplate.hasKey(RedisTemplate.java:769)
	at com.example.task.ScaleRedisTask.queryLastFiveIdList(ScaleRedisTask.java:184)
	at com.example.task.ScaleRedisTask.push(ScaleRedisTask.java:71)
	at com.example.task.ScaleRedisTask$$FastClassBySpringCGLIB$$afb5cdae.invoke(<generated>)
	at org.springframework.cglib.proxy.MethodProxy.invoke(MethodProxy.java:218)
	at org.springframework.aop.framework.CglibAopProxy$CglibMethodInvocation.invokeJoinpoint(CglibAopProxy.java:749)
	at org.springframework.aop.framework.ReflectiveMethodInvocation.proceed(ReflectiveMethodInvocation.java:163)
	at org.springframework.aop.interceptor.AsyncExecutionInterceptor.lambda$invoke$0(AsyncExecutionInterceptor.java:115)
	at java.util.concurrent.FutureTask.run$$$capture(FutureTask.java:266)
	at java.util.concurrent.FutureTask.run(FutureTask.java)
	at java.util.concurrent.ThreadPoolExecutor.runWorker(ThreadPoolExecutor.java:1149)
	at java.util.concurrent.ThreadPoolExecutor$Worker.run(ThreadPoolExecutor.java:624)
	at java.lang.Thread.run(Thread.java:748)
Caused by: io.lettuce.core.RedisConnectionException: Unable to connect to 127.0.0.1:6379
	at io.lettuce.core.RedisConnectionException.create(RedisConnectionException.java:78)
	at io.lettuce.core.RedisConnectionException.create(RedisConnectionException.java:56)
	at io.lettuce.core.AbstractRedisClient.getConnection(AbstractRedisClient.java:235)
	at io.lettuce.core.RedisClient.connect(RedisClient.java:204)
	at org.springframework.data.redis.connection.lettuce.StandaloneConnectionProvider.lambda$getConnection$1(StandaloneConnectionProvider.java:113)
	at java.util.Optional.orElseGet(Optional.java:267)
	at org.springframework.data.redis.connection.lettuce.StandaloneConnectionProvider.getConnection(StandaloneConnectionProvider.java:113)
	at org.springframework.data.redis.connection.lettuce.LettuceConnectionFactory$SharedConnection.getNativeConnection(LettuceConnectionFactory.java:1104)
	... 21 common frames omitted
Caused by: io.netty.channel.AbstractChannel$AnnotatedConnectException: Connection refused: no further information: /127.0.0.1:6379
	at sun.nio.ch.SocketChannelImpl.checkConnect(Native Method)
	at sun.nio.ch.SocketChannelImpl.finishConnect(SocketChannelImpl.java:717)
	at io.netty.channel.socket.nio.NioSocketChannel.doFinishConnect(NioSocketChannel.java:327)
	at io.netty.channel.nio.AbstractNioChannel$AbstractNioUnsafe.finishConnect(AbstractNioChannel.java:340)
	at io.netty.channel.nio.NioEventLoop.processSelectedKey(NioEventLoop.java:665)
	at io.netty.channel.nio.NioEventLoop.processSelectedKeysOptimized(NioEventLoop.java:612)
	at io.netty.channel.nio.NioEventLoop.processSelectedKeys(NioEventLoop.java:529)
	at io.netty.channel.nio.NioEventLoop.run(NioEventLoop.java:491)
	at io.netty.util.concurrent.SingleThreadEventExecutor$5.run(SingleThreadEventExecutor.java:905)
	at io.netty.util.concurrent.FastThreadLocalRunnable.run(FastThreadLocalRunnable.java:30)
	... 1 common frames omitted
Caused by: java.net.ConnectException: Connection refused: no further information
	... 11 common frames omitted
2025-08-06 18:15:02 [task-5] ERROR o.s.a.i.SimpleAsyncUncaughtExceptionHandler - Unexpected exception occurred invoking async method: public void com.example.task.ScaleRedisTask.push()
org.springframework.data.redis.RedisConnectionFailureException: Unable to connect to Redis; nested exception is io.lettuce.core.RedisConnectionException: Unable to connect to 127.0.0.1:6379
	at org.springframework.data.redis.connection.lettuce.LettuceConnectionFactory$SharedConnection.getNativeConnection(LettuceConnectionFactory.java:1111)
	at org.springframework.data.redis.connection.lettuce.LettuceConnectionFactory$SharedConnection.getConnection(LettuceConnectionFactory.java:1084)
	at org.springframework.data.redis.connection.lettuce.LettuceConnectionFactory.getSharedConnection(LettuceConnectionFactory.java:866)
	at org.springframework.data.redis.connection.lettuce.LettuceConnectionFactory.getConnection(LettuceConnectionFactory.java:341)
	at org.springframework.data.redis.core.RedisConnectionUtils.doGetConnection(RedisConnectionUtils.java:132)
	at org.springframework.data.redis.core.RedisConnectionUtils.getConnection(RedisConnectionUtils.java:95)
	at org.springframework.data.redis.core.RedisConnectionUtils.getConnection(RedisConnectionUtils.java:82)
	at org.springframework.data.redis.core.RedisTemplate.execute(RedisTemplate.java:211)
	at org.springframework.data.redis.core.RedisTemplate.execute(RedisTemplate.java:184)
	at org.springframework.data.redis.core.RedisTemplate.hasKey(RedisTemplate.java:769)
	at com.example.task.ScaleRedisTask.queryLastFiveIdList(ScaleRedisTask.java:184)
	at com.example.task.ScaleRedisTask.push(ScaleRedisTask.java:71)
	at com.example.task.ScaleRedisTask$$FastClassBySpringCGLIB$$afb5cdae.invoke(<generated>)
	at org.springframework.cglib.proxy.MethodProxy.invoke(MethodProxy.java:218)
	at org.springframework.aop.framework.CglibAopProxy$CglibMethodInvocation.invokeJoinpoint(CglibAopProxy.java:749)
	at org.springframework.aop.framework.ReflectiveMethodInvocation.proceed(ReflectiveMethodInvocation.java:163)
	at org.springframework.aop.interceptor.AsyncExecutionInterceptor.lambda$invoke$0(AsyncExecutionInterceptor.java:115)
	at java.util.concurrent.FutureTask.run$$$capture(FutureTask.java:266)
	at java.util.concurrent.FutureTask.run(FutureTask.java)
	at java.util.concurrent.ThreadPoolExecutor.runWorker(ThreadPoolExecutor.java:1149)
	at java.util.concurrent.ThreadPoolExecutor$Worker.run(ThreadPoolExecutor.java:624)
	at java.lang.Thread.run(Thread.java:748)
Caused by: io.lettuce.core.RedisConnectionException: Unable to connect to 127.0.0.1:6379
	at io.lettuce.core.RedisConnectionException.create(RedisConnectionException.java:78)
	at io.lettuce.core.RedisConnectionException.create(RedisConnectionException.java:56)
	at io.lettuce.core.AbstractRedisClient.getConnection(AbstractRedisClient.java:235)
	at io.lettuce.core.RedisClient.connect(RedisClient.java:204)
	at org.springframework.data.redis.connection.lettuce.StandaloneConnectionProvider.lambda$getConnection$1(StandaloneConnectionProvider.java:113)
	at java.util.Optional.orElseGet(Optional.java:267)
	at org.springframework.data.redis.connection.lettuce.StandaloneConnectionProvider.getConnection(StandaloneConnectionProvider.java:113)
	at org.springframework.data.redis.connection.lettuce.LettuceConnectionFactory$SharedConnection.getNativeConnection(LettuceConnectionFactory.java:1104)
	... 21 common frames omitted
Caused by: io.netty.channel.AbstractChannel$AnnotatedConnectException: Connection refused: no further information: /127.0.0.1:6379
	at sun.nio.ch.SocketChannelImpl.checkConnect(Native Method)
	at sun.nio.ch.SocketChannelImpl.finishConnect(SocketChannelImpl.java:717)
	at io.netty.channel.socket.nio.NioSocketChannel.doFinishConnect(NioSocketChannel.java:327)
	at io.netty.channel.nio.AbstractNioChannel$AbstractNioUnsafe.finishConnect(AbstractNioChannel.java:340)
	at io.netty.channel.nio.NioEventLoop.processSelectedKey(NioEventLoop.java:665)
	at io.netty.channel.nio.NioEventLoop.processSelectedKeysOptimized(NioEventLoop.java:612)
	at io.netty.channel.nio.NioEventLoop.processSelectedKeys(NioEventLoop.java:529)
	at io.netty.channel.nio.NioEventLoop.run(NioEventLoop.java:491)
	at io.netty.util.concurrent.SingleThreadEventExecutor$5.run(SingleThreadEventExecutor.java:905)
	at io.netty.util.concurrent.FastThreadLocalRunnable.run(FastThreadLocalRunnable.java:30)
	... 1 common frames omitted
Caused by: java.net.ConnectException: Connection refused: no further information
	... 11 common frames omitted
2025-08-06 18:19:09 [Thread-7] INFO  o.s.i.endpoint.EventDrivenConsumer - Removing {logging-channel-adapter:_org.springframework.integration.errorLogger} as a subscriber to the 'errorChannel' channel
2025-08-06 18:19:09 [Thread-7] INFO  o.s.i.c.PublishSubscribeChannel - Channel 'application.errorChannel' has 0 subscriber(s).
2025-08-06 18:19:09 [Thread-7] INFO  o.s.i.endpoint.EventDrivenConsumer - stopped _org.springframework.integration.errorLogger
2025-08-06 18:19:09 [Thread-7] INFO  o.s.s.c.ThreadPoolTaskScheduler - Shutting down ExecutorService 'taskScheduler'
2025-08-06 18:19:09 [Thread-7] INFO  o.s.s.c.ThreadPoolTaskExecutor - Shutting down ExecutorService 'applicationTaskExecutor'
